id;X2;X4.2;X4.3;X4.4;X5.4;X5.5;X10.3;X14.2;X15.3;X15.4;X24;X30;X34
2;10447,36;0;0;1;1;0;0;0;0;1;1;0;1
3;11515,04;0;0;0;1;0;0;0;0;0;0;0;1
4;10600,94;1;0;0;1;0;0;0;1;0;0;0;1
6;9767,09;1;0;0;0;0;0;1;1;0;0;1;1
9;10504,49;0;1;0;0;0;0;0;0;1;0;1;0
16;10340,49;0;0;0;1;0;1;0;0;1;1;0;0
18;10374,96;1;0;0;1;0;0;0;0;1;0;0;0
19;7975,08;0;0;0;0;0;1;0;0;1;1;1;0
22;13771;0;0;0;1;0;1;0;0;1;0;0;0
28;8110,68;0;0;0;0;0;1;0;0;1;1;0;1
30;10056,17;0;1;0;1;0;0;0;0;1;0;0;1
31;8718,84;0;1;0;0;0;0;0;1;0;1;0;0
33;12545,18;0;1;0;0;0;0;0;0;1;0;1;1
36;10209,81;0;0;1;0;0;0;0;0;1;0;0;0
39;7446,32;0;0;0;1;0;0;0;0;1;0;0;0
40;6171,4;0;1;0;0;0;0;1;0;1;1;0;0
41;10542,59;1;0;0;1;0;0;0;1;0;1;1;1
43;11522,99;0;0;1;0;0;0;1;0;1;0;0;0
46;9513,3;0;0;0;0;0;0;0;0;1;1;0;0
47;12054,29;0;0;0;0;0;0;0;1;0;0;0;1
49;12057,9;1;0;0;1;0;0;0;1;0;0;0;0
54;9238,57;0;0;1;1;0;0;0;1;0;1;1;0
55;11026,91;0;0;0;0;0;0;0;0;1;1;0;0
56;10037,73;1;0;0;0;0;0;0;0;1;1;0;0
58;9274,68;0;0;1;0;0;1;0;0;1;0;0;0
59;10694,36;1;0;0;1;0;0;0;0;1;1;0;0
60;11927,28;1;0;0;0;0;1;0;0;1;0;0;1
64;11544,7;0;0;0;1;0;0;0;0;1;1;0;0
68;10512,16;0;0;1;0;0;0;1;0;1;1;1;1
70;9870,24;0;0;1;0;0;0;0;0;0;1;1;0
73;9257,57;0;1;0;1;0;0;1;1;0;0;0;0
74;7925,15;0;0;0;0;0;0;1;0;1;1;1;0
76;8233,19;1;0;0;1;0;1;0;1;0;1;0;0
78;9168,65;1;0;0;0;0;0;0;0;1;0;0;0
79;10995,5;1;0;0;0;0;0;1;0;1;0;0;0
81;11102,15;1;0;0;1;0;0;1;1;0;0;1;0
82;8992,84;0;0;1;0;0;0;0;1;0;1;0;0
84;9647,61;1;0;0;0;0;0;0;0;1;1;1;0
85;11425,09;0;0;1;0;0;0;0;1;0;1;1;1
86;11081,99;1;0;0;1;0;0;1;0;1;1;0;1
92;11861,07;0;1;0;0;0;0;0;1;0;0;0;0
93;10914,69;0;1;0;1;0;1;1;0;1;0;1;1
94;9795,8;0;0;0;0;0;0;1;1;0;0;0;0
95;10751,39;1;0;0;1;0;0;1;0;0;0;0;0
96;9864,09;1;0;0;0;0;0;0;0;1;1;0;1
99;10766,48;1;0;0;0;0;0;1;0;1;0;0;0
104;9041,62;0;1;0;1;0;0;0;0;1;1;0;0
106;11053,99;0;0;1;0;0;0;0;0;1;1;0;1
112;10702,26;0;0;0;0;0;0;0;0;1;0;0;0
115;11029,37;0;0;1;0;0;0;0;0;1;0;1;0
118;10936,59;0;1;0;0;0;0;0;0;1;0;0;1
121;11305;0;1;0;1;0;0;1;1;0;1;1;1
124;12110,07;0;0;1;0;0;0;0;1;0;0;0;0
126;12970,56;0;0;1;1;0;0;1;1;0;1;1;1
128;10274,97;0;0;0;0;0;0;0;0;1;0;0;0
130;8460,38;0;0;1;1;0;0;0;1;0;0;0;0
131;10155,79;0;1;0;1;0;0;1;0;1;1;1;1
134;8553,27;0;0;1;0;0;0;0;0;1;0;1;0
135;10724,46;1;0;0;1;0;0;0;1;0;0;1;0
137;6241,64;0;0;1;0;0;0;0;0;1;1;0;0
141;12193,37;1;0;0;1;0;0;0;1;0;0;0;0
142;9100,78;0;0;1;0;0;0;0;1;0;0;1;0
148;9865,86;0;1;0;1;0;0;0;0;1;1;1;0
149;9227,63;0;0;1;1;0;0;0;0;1;0;1;1
150;12175,3;0;0;1;0;0;0;0;0;1;1;0;1
152;12849,48;0;0;1;1;0;0;1;1;0;0;0;0
154;12565,31;0;1;0;1;0;0;0;1;0;1;0;0
155;12887,94;0;0;1;1;0;0;0;1;0;0;1;0
156;10711,77;0;0;0;0;0;0;1;0;1;0;0;0
157;12571,84;0;0;1;1;0;1;0;0;1;0;1;0
161;9972,59;1;0;0;0;0;0;0;0;1;0;0;1
163;11508,02;1;0;0;1;0;0;1;1;0;0;0;0
165;12206;0;1;0;0;0;0;0;0;1;0;0;1
166;7251,87;0;1;0;0;0;0;0;1;0;0;0;1
169;10199,47;0;0;1;0;0;0;0;1;0;1;1;0
170;10570,96;1;0;0;1;0;0;0;1;0;0;1;0
183;9874,99;0;0;0;0;0;0;1;0;1;1;1;1
184;10181,6;1;0;0;0;0;0;0;0;1;0;0;0
186;11838,36;0;1;0;0;0;0;0;1;0;0;0;0
187;9367,2;0;1;0;1;0;0;1;0;1;1;0;1
190;8051,8;0;0;1;1;0;0;1;0;1;0;0;1
191;9883,96;0;0;0;1;0;0;0;1;0;0;0;0
193;13860,94;0;1;0;0;0;0;1;0;1;0;0;0
195;10695,72;0;0;1;1;0;0;0;1;0;0;0;1
196;10811,81;0;1;0;0;0;0;0;1;0;0;0;0
197;9304,49;1;0;0;0;0;0;0;1;0;0;0;0
200;12600,9;0;0;1;1;0;0;0;1;0;0;0;1
202;10924,83;0;0;1;0;0;0;1;0;1;1;0;0
204;9011,9;0;0;1;0;0;0;1;0;1;0;0;0
205;8935,13;1;0;0;1;0;0;0;0;1;1;0;1
206;10771,97;0;0;1;0;0;0;1;0;0;0;0;0
207;9940,1;0;0;0;1;0;0;1;1;0;0;1;1
210;9667,69;0;0;0;1;0;0;0;1;0;0;1;0
211;10617,2;0;1;0;0;0;0;1;0;1;1;0;0
212;10294,54;0;1;0;1;0;0;0;0;1;1;1;1
214;8983,86;0;0;1;0;0;0;1;0;0;0;0;1
216;7985,46;0;0;1;1;0;0;0;0;1;1;1;1
217;9308,64;0;0;0;1;0;0;0;0;1;1;0;0
218;9189,69;0;0;1;1;0;0;0;0;1;1;0;0
219;10034,74;1;0;0;0;0;0;1;0;1;0;0;1
220;10318,82;1;0;0;0;0;0;0;1;0;1;0;0
221;12416,49;0;0;0;1;0;0;0;0;1;1;1;1
223;12271,85;0;0;0;0;0;0;0;1;0;1;0;0
224;8657,97;0;0;1;0;0;0;1;0;1;1;0;0
230;12682,17;0;0;1;1;0;0;0;0;0;1;1;1
231;11230,16;0;0;1;1;0;1;0;0;1;1;0;0
232;9796,23;0;0;1;1;0;0;0;1;0;1;1;0
234;10872,75;1;0;0;0;0;0;0;0;1;0;0;1
235;9374,13;0;1;0;0;0;0;0;0;1;1;0;0
236;8037,01;1;0;0;1;0;0;0;0;1;1;0;0
237;9539,76;0;0;0;1;0;0;0;0;1;1;1;0
238;13600,19;1;0;0;0;0;0;1;0;1;1;1;1
240;11565,4;0;0;0;1;0;0;0;1;0;1;0;1
241;10299,44;0;1;0;1;0;0;1;0;0;1;1;0
243;10865,48;0;0;0;1;0;1;1;0;1;0;1;1
245;10988,58;0;0;0;0;0;0;1;0;1;0;0;1
248;9355,92;1;0;0;0;0;0;1;1;0;1;1;0
251;9718,19;0;1;0;0;0;0;0;0;1;1;1;0
252;9262,61;0;0;0;0;0;0;0;0;0;0;0;1
254;11798,24;0;0;0;1;0;0;1;0;1;1;0;0
257;11158,07;1;0;0;0;0;0;1;1;0;0;0;0
258;12289,37;0;0;1;1;0;0;0;1;0;0;0;0
259;11485,31;0;0;1;1;0;0;0;1;0;0;0;0
262;9031,52;1;0;0;0;0;0;0;0;1;1;0;1
264;11177,22;0;0;0;0;0;0;1;0;1;0;0;1
266;8776,07;0;0;1;0;0;0;0;0;1;1;0;0
267;10920,69;0;1;0;1;0;0;1;0;1;1;0;0
270;10873,8;0;1;0;0;0;0;1;0;1;0;1;0
274;9533,56;0;1;0;1;0;0;1;0;1;1;1;0
277;11566,24;1;0;0;1;0;0;1;1;0;1;0;1
280;12762,75;0;0;1;0;0;0;0;0;1;1;0;1
282;9140,6;0;1;0;1;0;1;0;0;1;1;0;0
285;12641,14;0;0;0;0;0;0;0;1;0;1;0;0
287;13304,26;0;1;0;0;0;0;0;0;1;1;0;0
288;10211,09;0;0;1;1;0;0;0;0;0;0;0;1
290;8318,44;0;0;1;0;0;0;0;0;0;1;0;1
291;8312,9;1;0;0;0;0;0;0;0;1;0;0;0
294;7832,6;1;0;0;0;0;0;1;0;1;1;0;0
295;12588,09;0;0;1;0;0;0;0;0;0;1;1;0
298;9574,96;0;0;1;0;0;0;0;0;1;0;0;0
300;9818,99;0;0;1;0;0;0;0;1;0;0;0;0
306;10416,68;0;1;0;0;0;0;0;0;0;0;1;0
307;10221,27;0;1;0;1;0;0;0;0;1;0;0;1
308;13489;1;0;0;1;0;0;0;0;1;0;0;1
310;9424,59;0;0;0;1;0;0;1;1;0;1;0;0
311;11414,06;0;0;1;1;0;0;0;0;1;1;0;1
314;9333,44;0;0;1;1;0;0;0;1;0;0;0;0
317;10831,35;0;0;1;0;0;0;0;0;1;0;1;1
319;9038,39;0;0;1;1;0;0;1;0;1;1;0;1
322;11008,32;0;0;1;1;0;0;0;0;0;0;0;0
323;10334,01;0;0;1;1;0;1;0;1;0;0;0;1
324;12926,15;0;0;1;1;0;1;1;0;0;1;0;0
328;12848,32;0;0;1;1;0;0;0;0;0;0;0;1
330;8951,15;0;1;0;0;0;0;0;1;0;0;0;0
331;9071,03;0;0;0;0;0;0;0;1;0;0;1;0
333;9551,04;0;0;0;0;0;0;0;0;1;0;1;1
334;8794,28;0;0;1;0;0;0;0;0;0;0;0;0
336;10928,75;1;0;0;0;0;0;1;0;0;1;1;0
339;9442,12;0;0;0;1;0;0;1;0;1;0;0;1
340;10532,02;0;0;1;0;0;0;0;1;0;0;0;1
341;9682,02;0;0;1;0;0;1;0;1;0;0;0;1
344;7878,18;0;0;1;1;0;0;0;1;0;1;1;0
347;9677,67;0;0;1;1;0;0;0;0;0;0;1;1
350;9153,6;0;1;0;1;0;0;0;0;1;1;0;1
351;10725,42;1;0;0;0;0;0;1;0;1;1;0;0
352;7644,95;0;0;1;1;0;0;0;0;1;0;0;0
354;10186,74;0;0;1;0;0;0;1;1;0;0;0;1
356;9500,79;0;0;0;1;0;0;0;0;1;0;0;1
357;9742,19;0;0;0;1;0;0;0;1;0;1;0;0
358;11964,75;0;0;0;0;0;0;0;1;0;0;0;1
360;9164,2;0;0;1;1;0;0;0;1;0;1;0;0
361;10796,31;0;0;0;1;0;0;0;0;0;0;0;1
364;11749,06;0;0;1;0;0;1;1;0;0;1;0;1
365;7760,75;1;0;0;1;0;0;1;0;1;0;0;1
367;10523,81;0;0;1;0;0;1;0;0;1;1;0;1
370;10852,68;0;0;0;0;0;0;0;0;1;0;0;0
375;9294,39;0;1;0;1;0;0;0;0;1;1;1;0
376;9433,25;0;1;0;0;0;0;0;0;1;1;0;0
377;8760,53;0;0;0;1;0;1;0;0;0;1;0;0
378;9459,1;0;1;0;1;0;0;1;0;1;1;1;0
381;10640,18;1;0;0;0;0;0;1;0;1;1;0;0
382;11012,33;0;0;0;0;0;0;1;1;0;1;1;0
383;10420,9;1;0;0;0;0;0;0;0;0;0;1;0
384;7977,44;0;1;0;0;0;0;0;0;1;0;1;0
388;9463;0;0;1;0;0;0;0;1;0;0;1;0
389;9898,61;0;1;0;0;0;0;0;1;0;1;0;1
390;9087,34;1;0;0;0;0;0;0;0;1;0;0;1
396;10559,68;1;0;0;1;0;0;1;1;0;0;0;1
397;11972,16;1;0;0;0;0;0;1;1;0;1;1;0
398;8782,5;0;1;0;0;0;0;0;0;1;1;0;0
402;11589,23;0;0;1;0;0;1;0;0;0;0;0;1
403;11078,33;0;0;0;0;0;1;0;1;0;1;1;0
406;10936,81;0;0;1;0;0;1;0;0;1;0;0;0
407;11629,63;0;1;0;0;0;0;0;1;0;1;0;1
408;10585,7;0;0;1;1;0;0;1;1;0;1;0;0
409;12406,2;0;0;1;0;0;0;1;0;1;0;0;1
418;9406,58;0;1;0;0;0;0;1;1;0;0;0;0
420;10192,5;0;0;1;1;0;0;0;1;0;0;0;0
421;11451,69;0;1;0;0;0;1;0;0;1;0;0;0
422;12247,76;1;0;0;1;0;0;0;0;1;0;0;0
424;9878,99;0;0;1;0;0;0;0;0;1;0;0;1
427;11614,8;1;0;0;1;0;0;1;0;1;1;0;1
428;8171,46;0;1;0;0;0;0;0;0;1;1;0;1
431;9300,22;0;0;1;1;0;0;1;0;1;0;0;1
432;11614,89;0;0;0;0;0;0;0;0;1;1;1;1
433;8763,74;1;0;0;0;0;0;0;0;1;0;1;0
434;7254,17;1;0;0;0;0;1;0;0;1;0;1;0
436;10787,73;1;0;0;0;0;0;0;1;0;0;1;0
443;9390,27;0;0;1;0;0;1;0;0;1;1;1;0
444;10708,07;0;0;1;0;0;0;0;0;1;0;0;0
446;8869,31;1;0;0;0;0;0;0;0;1;1;0;0
447;13267,8;0;0;1;0;0;0;1;0;0;0;1;0
448;7272;0;0;1;0;0;0;1;0;1;1;1;0
450;10682,97;0;1;0;0;0;0;0;0;1;0;0;0
456;12085,94;0;0;1;0;0;0;0;1;0;1;0;0
460;13362,75;0;0;1;1;0;0;1;0;0;0;0;0
461;6220,66;0;0;1;1;0;0;0;0;0;1;0;0
462;13593,81;1;0;0;1;0;0;1;0;0;1;0;0
470;9596,37;0;0;1;0;0;1;0;0;1;1;0;1
473;9417,95;0;0;1;1;0;0;0;1;0;0;0;0
474;10886,73;0;0;1;0;0;1;0;1;0;0;0;1
477;8280,95;0;0;1;0;0;0;1;0;1;1;0;1
478;10203,98;0;0;1;0;0;0;0;0;0;1;0;0
480;13687,9;0;0;1;1;0;0;0;0;1;0;0;0
483;12055,66;0;0;1;0;0;0;1;0;1;1;1;0
484;8629;0;0;0;1;0;0;0;0;1;0;0;0
486;9777,71;0;1;0;0;0;0;0;0;1;0;0;1
491;9356,58;0;1;0;0;0;0;0;0;0;1;1;0
492;9621,36;0;0;1;1;0;0;1;0;1;0;0;0
495;9537,42;0;1;0;0;0;0;0;0;1;0;0;1
498;9776,37;0;0;1;0;0;0;0;0;1;0;0;1
501;11796,96;0;0;0;1;0;0;0;0;0;0;0;0
503;9603,24;0;0;1;0;0;0;0;1;0;1;0;1
507;11727,99;0;0;0;0;0;0;0;0;1;1;0;0
508;9504,5;0;1;0;1;0;0;1;0;1;0;0;1
510;9535,29;0;1;0;1;0;0;0;0;1;0;0;0
511;8551,55;0;0;0;1;0;0;0;0;1;0;0;1
512;8958,98;0;0;1;1;0;0;1;0;1;1;0;0
524;10027,17;1;0;0;0;0;0;0;0;1;0;0;0
529;12026,8;0;0;0;0;0;0;0;1;0;1;0;1
530;12095,64;0;0;1;0;0;0;0;1;0;1;0;1
533;7749,46;0;0;1;0;0;0;1;0;1;0;0;1
535;9229,15;0;0;0;0;0;0;1;0;1;0;0;0
542;11137,46;0;1;0;1;0;0;0;0;1;0;0;1
543;8562,91;0;0;1;0;0;0;0;0;1;0;0;0
545;13845,21;0;1;0;0;0;0;0;0;1;0;1;0
546;8300,95;1;0;0;0;0;0;0;1;0;0;0;1
549;9911,99;0;1;0;0;0;0;0;1;0;1;1;0
556;10806,66;0;0;0;0;0;0;1;1;0;0;1;1
558;5982,82;1;0;0;0;0;0;0;0;0;0;1;0
560;9561,85;0;0;1;1;0;0;0;1;0;0;0;1
561;9252,56;0;0;0;1;0;0;0;0;0;0;0;0
562;8058,33;0;1;0;1;0;0;0;1;0;1;1;0
565;8877,45;0;0;0;0;0;0;1;0;1;1;0;0
566;12884,63;0;0;0;0;0;0;0;0;1;0;1;0
568;9119,06;1;0;0;0;0;0;1;1;0;0;0;0
569;10142,61;0;1;0;1;0;0;1;0;1;0;0;0
571;10163,1;1;0;0;0;0;1;1;1;0;1;1;0
573;10239,4;0;1;0;0;0;1;1;1;0;1;0;0
574;12635,82;0;0;1;1;0;1;0;0;1;1;1;0
576;10141,44;0;0;0;0;0;0;0;0;1;1;1;0
577;9936,05;1;0;0;1;0;0;0;0;1;1;1;0
578;8624,06;0;1;0;0;0;0;1;0;1;0;0;1
579;11211,98;0;0;1;1;0;0;0;0;1;0;0;0
580;11032,83;1;0;0;0;0;0;0;0;1;0;0;1
581;9292,29;0;0;0;1;0;1;1;0;1;1;0;0
582;9870,33;0;0;1;0;0;0;1;1;0;0;1;0
584;12655,11;0;0;1;1;0;0;0;1;0;0;0;1
585;8655,59;1;0;0;1;0;0;0;0;1;1;1;1
588;10413,09;0;0;1;0;0;0;1;1;0;0;0;0
589;10772,89;1;0;0;0;0;0;0;0;1;1;0;0
590;12433,57;0;0;1;1;0;0;0;0;1;1;0;0
591;11454,59;0;1;0;1;0;0;1;0;0;0;0;0
593;9124,17;0;1;0;0;0;0;0;0;1;0;1;0
595;13885,67;0;0;1;0;0;0;0;0;1;0;0;1
597;8715,53;0;0;1;0;0;0;0;1;0;1;0;1
599;7604,66;0;0;1;0;0;0;0;1;0;0;0;1
600;13687,56;0;0;1;0;0;0;0;0;0;0;0;0
602;9621,95;0;0;1;1;0;1;1;0;1;1;1;0
604;9403,62;0;0;1;0;0;0;0;1;0;1;1;0
605;6286,77;0;0;1;0;0;0;1;0;1;1;0;0
607;10968,21;0;0;1;1;0;0;0;1;0;0;0;0
608;10424,37;1;0;0;0;0;0;1;0;0;1;0;1
610;9842,83;0;0;1;1;0;0;0;0;1;1;0;0
611;12719,23;0;0;1;1;0;0;1;0;1;1;1;0
614;11126,97;0;1;0;0;0;0;0;0;1;0;0;1
616;13886,62;0;1;0;0;0;0;0;0;1;1;0;0
617;10500,81;0;0;1;1;0;0;1;0;0;0;0;0
620;12588,46;1;0;0;0;0;0;0;0;1;1;0;1
625;11037,32;0;0;1;1;0;0;1;0;0;1;0;1
629;9220,74;0;0;1;1;0;0;0;1;0;0;0;0
630;12304,64;0;1;0;1;0;0;1;0;1;0;0;0
634;10071,34;0;0;1;0;0;0;0;1;0;1;1;1
636;9915,05;0;0;0;0;0;0;0;0;0;0;0;0
638;8895,48;0;0;1;1;0;0;0;1;0;0;0;1
640;13034,7;0;0;0;1;0;0;0;0;1;1;0;1
642;11578,89;0;0;0;1;0;0;0;0;1;1;1;1
643;10629,59;0;0;1;1;0;0;0;0;1;1;0;0
644;10578,99;0;0;1;0;0;0;0;1;0;1;0;0
645;10404,89;0;0;0;1;0;0;0;0;1;1;1;0
646;9253,62;0;1;0;0;0;0;0;1;0;1;0;1
647;10339,49;0;1;0;1;0;0;1;1;0;0;1;0
648;12082,56;0;0;1;0;0;0;0;0;1;1;0;0
649;10923,36;0;1;0;0;0;0;0;1;0;0;1;0
653;10620,72;0;1;0;1;0;0;0;1;0;0;0;1
654;9076,35;0;0;0;0;0;1;0;1;0;1;0;0
656;11785,48;1;0;0;0;0;0;0;0;1;1;0;0
658;11537,86;0;1;0;1;0;0;0;1;0;0;0;0
663;8086,08;0;0;1;0;0;0;1;0;1;0;0;0
664;8985,43;0;1;0;0;0;0;0;0;1;0;0;0
666;10439,73;0;1;0;1;0;0;0;0;1;0;0;1
667;8504,42;1;0;0;0;0;0;1;0;1;0;0;0
668;9298,28;0;0;1;0;0;0;0;1;0;1;1;1
680;7559,81;0;0;0;0;0;0;0;0;1;1;0;0
681;11215,82;0;0;1;1;0;0;0;0;1;0;0;0
684;10233,64;1;0;0;0;0;0;0;1;0;1;1;1
689;9750,17;0;0;1;0;0;0;0;0;1;1;1;0
690;10933,71;0;0;1;0;0;0;1;1;0;1;0;0
692;10082,69;0;1;0;1;0;0;0;1;0;0;1;1
693;9679,73;0;0;1;1;0;0;0;0;0;1;0;1
694;11554,86;0;0;1;0;0;0;0;1;0;1;1;0
698;11021,5;0;0;0;1;0;0;0;0;1;1;0;0
699;12723,36;0;0;1;0;0;0;0;1;0;0;0;0
700;12867,96;0;0;0;1;0;0;0;0;0;1;1;1
701;8885,76;0;0;1;0;0;0;1;0;1;0;1;0
704;9749,05;0;0;1;0;0;0;0;1;0;1;0;0
706;9442,54;0;0;0;1;0;0;0;0;1;1;0;1
709;12546,81;0;0;1;0;0;0;1;0;0;1;0;0
710;7717,97;0;0;1;0;0;0;1;0;1;1;0;0
712;7892,57;0;0;1;0;0;0;1;1;0;1;0;0
713;12141,9;0;0;1;1;0;0;0;1;0;0;1;0
715;11782,32;0;0;0;1;0;0;0;0;1;0;0;0
716;11136,51;0;1;0;0;0;0;0;1;0;1;0;0
717;10923,71;0;1;0;0;0;0;0;1;0;1;0;1
720;11781,28;0;0;1;1;0;0;0;0;1;0;0;0
721;11186,08;0;0;1;0;0;0;0;0;0;0;1;0
722;11411,5;1;0;0;1;0;0;1;0;1;0;0;0
723;10279,64;0;0;1;0;0;0;0;0;1;1;1;0
725;10537,67;0;0;1;0;0;0;0;1;0;0;0;0
727;13468,88;0;1;0;1;0;0;0;0;1;0;1;0
730;10853,78;0;0;0;0;0;0;1;0;1;1;0;0
731;11828,28;0;0;1;0;0;0;1;0;1;0;1;0
734;11278,18;0;0;1;0;0;0;0;0;1;1;1;1
735;8649,36;0;0;0;1;0;1;0;1;0;1;0;1
736;9787,18;1;0;0;0;0;0;0;0;0;0;1;0
742;8726,38;0;0;1;0;0;0;0;1;0;0;1;1
743;8490,87;1;0;0;0;0;0;0;1;0;0;1;0
744;13698,32;0;0;1;1;0;1;0;0;1;1;1;0
745;8722,61;0;1;0;0;0;0;0;1;0;0;0;1
746;7259,21;0;1;0;0;0;0;0;0;1;0;0;1
752;11605,3;0;1;0;0;0;0;0;0;1;0;0;0
753;9981,32;0;0;0;0;0;0;0;0;1;0;0;1
754;9684,14;1;0;0;1;0;0;0;1;0;1;1;0
755;12511,54;0;0;1;1;0;0;0;1;0;1;0;1
756;8513,87;1;0;0;0;0;0;0;1;0;1;1;0
757;8737,19;1;0;0;0;0;0;0;0;1;0;0;0
758;8829,25;0;0;0;0;0;0;0;1;0;1;0;1
761;10609,54;0;0;1;1;0;0;0;0;0;1;0;0
762;9121,44;0;0;0;1;0;0;0;0;1;0;1;0
764;10777,73;0;1;0;1;0;0;1;1;0;1;0;0
766;10161,9;0;0;1;0;0;0;0;0;1;0;1;1
767;9529,61;0;0;1;1;0;0;0;0;1;1;0;1
769;11460,81;0;1;0;1;0;0;0;0;1;0;0;1
771;8266,46;0;0;1;0;0;0;0;1;0;1;1;1
773;12875,56;0;0;0;0;0;0;0;0;0;0;0;0
774;9356,96;0;0;0;0;0;0;1;0;1;0;0;0
779;9865,96;0;0;0;0;0;0;0;1;0;0;0;1
783;12489,17;0;0;1;1;0;0;0;0;1;0;0;0
784;11600,3;0;1;0;0;0;0;0;1;0;1;0;0
788;13284,46;0;0;1;1;0;0;1;1;0;0;0;0
793;8433,88;0;0;1;0;0;1;1;1;0;1;0;1
794;8911,54;0;0;1;1;0;0;1;0;1;0;0;1
796;9330,44;0;0;0;1;0;0;0;0;0;0;0;0
800;10045,08;0;0;0;0;0;0;1;0;1;0;1;0
801;10203,44;0;0;0;0;0;0;0;1;0;1;0;0
802;10718,86;0;0;1;0;0;0;0;1;0;0;0;0
804;11447,02;0;0;1;0;0;0;0;0;1;1;0;0
806;11248,5;1;0;0;0;0;0;1;0;1;0;1;0
808;10572,66;0;1;0;0;0;0;1;1;0;1;0;0
815;12015,76;0;0;1;1;0;0;0;0;1;0;0;0
818;11220,45;0;0;0;0;0;1;0;1;0;1;0;0
821;10018,16;0;0;1;1;0;0;1;1;0;0;0;0
822;10872,62;0;0;1;0;0;0;0;0;0;1;0;0
823;8283,34;0;1;0;0;0;0;0;0;1;1;0;0
824;12981,92;1;0;0;0;0;0;0;1;0;0;0;1
827;7699,43;1;0;0;0;0;0;0;0;1;0;0;0
831;9603,74;0;0;0;0;0;0;0;1;0;1;0;1
833;8742,86;0;1;0;0;0;0;0;0;1;1;0;0
834;13333,97;0;0;1;0;0;0;0;0;0;1;0;1
835;9244,21;0;0;0;0;0;0;0;0;1;0;0;0
837;10441,5;0;0;1;0;0;0;0;1;0;0;0;0
838;10398,33;0;0;1;0;0;0;0;1;0;1;0;1
841;11048,19;1;0;0;0;0;0;0;0;1;0;1;1
842;12266,6;0;0;0;0;0;0;0;1;0;1;0;1
843;7979,87;0;0;1;0;0;0;0;0;1;1;1;0
846;11125,59;0;0;1;0;0;1;0;0;0;0;1;0
847;9960,48;0;0;0;1;0;0;0;0;1;1;0;0
848;9862,19;0;0;1;0;0;0;0;1;0;0;0;0
850;10461,35;0;0;1;1;0;0;0;1;0;1;1;1
851;12440,44;1;0;0;0;0;1;0;0;1;1;0;1
853;7896,87;0;0;1;1;0;0;1;0;0;0;0;1
856;9452,52;1;0;0;0;0;0;0;1;0;0;0;1
858;10110,82;0;0;0;0;0;0;1;0;1;0;0;1
859;10647,4;1;0;0;0;0;0;0;0;1;1;0;1
863;8418,22;0;0;0;0;0;0;0;1;0;0;1;0
864;10745,27;1;0;0;1;0;0;0;1;0;0;0;1
867;10725,51;0;0;1;0;0;1;0;1;0;1;0;0
868;9848,91;0;0;1;0;0;0;0;0;1;0;0;0
869;12338,92;0;0;1;0;0;0;0;0;1;0;0;1
872;9585,08;0;0;1;1;0;0;0;0;1;1;0;0
873;13118,24;0;0;0;1;0;0;0;0;1;1;0;1
875;11049,89;0;0;0;0;0;0;0;0;0;1;1;0
879;9137,57;0;0;1;0;0;0;1;0;0;1;0;1
880;11293,77;1;0;0;1;0;0;1;0;1;0;0;0
881;10648,64;0;1;0;0;0;0;0;0;1;1;0;1
882;9104,1;0;0;1;0;0;0;0;0;0;1;1;0
884;11258,36;0;1;0;1;0;1;0;0;1;0;0;0
885;10278,77;0;0;0;1;0;0;0;0;1;0;0;0
886;9827,17;0;0;1;1;0;0;1;0;1;0;0;0
894;7984,37;0;0;0;0;0;0;0;1;0;1;0;0
897;8436,69;0;1;0;0;0;0;0;0;1;0;0;0
899;12557,62;1;0;0;0;0;0;0;1;0;0;0;0
900;8161,28;0;0;0;0;0;0;0;0;1;1;0;0
905;10286,1;0;0;0;0;0;0;1;0;1;1;0;1
907;11520,66;0;0;1;0;0;0;0;0;1;0;0;0
908;13002,8;0;1;0;1;0;0;0;1;0;0;0;0
911;10186,35;0;0;0;0;0;0;0;1;0;0;0;0
913;9251,57;0;0;1;1;0;1;0;0;1;1;0;0
915;9926,16;0;0;0;0;0;0;0;1;0;1;0;0
918;12926,76;0;1;0;0;0;0;1;1;0;0;0;1
921;9808,31;1;0;0;1;0;0;1;1;0;0;1;1
923;7344,75;0;0;0;0;0;1;1;0;1;1;0;0
927;8144,36;0;1;0;1;0;0;1;0;1;1;1;0
928;12940,92;0;1;0;1;0;0;0;1;0;0;0;1
929;10262,39;0;0;1;0;0;0;1;0;1;0;0;0
931;11069,79;0;0;1;1;0;1;1;0;1;0;0;0
933;10423,04;0;0;1;0;0;0;0;0;1;0;0;1
935;10239,47;1;0;0;1;0;0;0;0;1;1;1;0
938;10796,73;0;0;1;0;0;0;0;0;1;1;0;0
939;7544,9;1;0;0;0;0;0;0;0;1;0;1;0
941;8778,13;0;0;1;0;0;0;0;1;0;1;1;0
944;10618,49;1;0;0;0;0;0;0;0;1;1;0;0
947;9128,16;0;0;0;0;0;0;0;1;0;1;1;1
950;11655,21;0;0;1;0;0;0;0;1;0;0;0;0
952;7901,35;0;0;0;0;0;0;1;1;0;1;0;1
953;9878,87;0;0;0;0;0;0;0;0;1;0;0;0
955;12407,07;0;0;0;0;0;0;0;1;0;0;0;1
956;9714,43;1;0;0;1;0;0;1;0;0;0;0;0
958;7810,96;0;0;0;0;0;0;1;0;1;1;0;0
959;10250,95;1;0;0;0;0;1;0;0;1;1;0;0
961;8507,16;0;1;0;0;0;0;1;1;0;1;1;0
963;12496,5;0;0;0;1;0;0;0;1;0;1;0;0
966;14687,92;0;0;1;0;0;0;0;1;0;0;1;1
967;13429,54;0;0;1;0;0;0;0;0;1;0;1;1
968;9919,13;0;0;0;0;0;0;0;0;1;0;0;1
969;12280,82;0;1;0;0;0;0;0;0;0;1;0;0
970;10332,34;0;0;0;1;0;0;0;1;0;0;1;0
971;11350,32;0;0;1;0;0;0;1;1;0;0;0;1
977;10474,69;0;1;0;1;0;0;0;0;1;1;1;0
979;7522,13;0;0;1;0;0;0;0;0;1;0;0;0
981;9694,76;0;0;1;0;0;0;0;0;1;1;0;0
983;11093,49;0;1;0;0;0;0;0;0;1;0;1;1
984;11191,95;1;0;0;1;0;0;0;0;1;0;0;0
985;10462,13;1;0;0;1;0;0;1;0;1;1;0;0
987;10389,83;0;0;1;1;0;0;0;0;1;0;1;0
988;9642,34;1;0;0;1;0;0;1;1;0;0;0;0
993;9447,03;1;0;0;1;0;0;0;1;0;1;0;0
994;8177,28;0;0;0;1;0;0;0;0;1;0;1;0
999;11710,5;1;0;0;1;0;0;0;1;0;0;0;1
1000;10106,08;0;0;0;0;0;0;0;0;1;1;0;1
1001;9054,89;0;0;0;1;0;0;0;1;0;0;1;1
1002;8981,55;1;0;0;1;0;0;1;0;1;0;0;1
1004;10387,83;0;1;0;0;0;0;1;0;1;1;1;0
1005;11575,85;0;0;0;1;0;0;1;1;0;1;1;0
1006;12395,87;0;0;1;1;0;0;0;1;0;1;0;0
1007;13179,18;0;0;1;1;0;0;0;0;1;1;0;1
1008;8876,36;0;1;0;0;0;0;0;1;0;0;1;0
1009;9367,81;0;1;0;0;0;0;0;0;1;0;0;0
1010;10152,27;0;0;0;0;0;0;1;1;0;1;0;1
1013;9504,12;0;0;1;0;0;1;1;1;0;1;1;0
1014;10235,97;0;0;0;0;0;0;0;1;0;1;1;0
1015;10314,98;1;0;0;0;0;0;1;0;1;1;0;1
1016;8328,19;1;0;0;0;0;0;0;0;1;0;1;1
1020;9483,08;0;0;1;0;0;0;1;1;0;0;0;1
1021;10760,39;0;1;0;1;0;0;0;0;1;0;1;0
1024;7749,56;0;1;0;0;0;0;0;1;0;1;0;0
1026;10898,58;1;0;0;0;0;0;0;0;0;1;0;0
1028;8720,2;0;0;0;1;0;0;0;1;0;0;1;0
1031;11971,96;0;0;1;0;0;0;1;0;1;1;0;0
1040;10815,71;1;0;0;1;0;0;1;1;0;0;0;1
1041;8184,05;1;0;0;1;0;0;1;1;0;0;0;0
1044;8842,61;0;0;1;1;0;0;0;1;0;1;1;0
1045;13245,06;0;0;1;0;0;0;0;0;1;1;0;0
1047;8119,07;0;0;1;1;0;0;0;0;1;0;1;0
1052;10138,81;0;0;0;1;0;0;1;1;0;1;0;0
1054;9813,74;0;1;0;0;0;0;1;1;0;1;1;0
1055;9661,38;0;1;0;1;0;0;0;1;0;0;0;0
1057;10533,53;0;0;1;0;0;0;0;0;0;1;1;1
1058;7924,89;0;0;1;0;0;0;0;0;1;1;0;1
1060;10883,75;0;0;0;0;0;0;1;0;1;0;1;0
1062;11528,8;0;0;1;0;0;0;0;0;1;0;1;0
1063;13079,22;0;1;0;0;0;0;0;1;0;0;0;0
1064;8451,65;1;0;0;0;0;0;0;1;0;1;1;0
1065;10299,86;0;0;1;0;0;0;0;1;0;0;0;0
1066;9933,29;1;0;0;0;0;0;0;0;1;1;0;1
1069;10202,19;1;0;0;0;0;0;0;1;0;1;0;1
1070;8123,56;0;0;0;0;0;0;0;1;0;1;0;1
1071;9505,61;0;0;1;1;0;0;0;0;1;1;0;0
1074;11135,51;0;0;0;0;0;0;0;0;1;1;1;0
1075;9581,09;0;0;0;0;0;0;0;0;1;1;0;0
1078;9805,49;0;0;0;1;0;0;0;1;0;0;1;1
1079;11341,74;0;1;0;0;0;0;1;0;0;0;0;0
1081;11157,02;0;0;0;0;0;0;0;0;1;0;1;0
1083;12713,86;0;0;0;1;0;0;0;0;1;0;0;0
1085;10300,2;0;0;1;0;0;0;1;0;0;1;1;1
1088;8596,56;0;0;1;0;0;0;0;0;1;0;0;0
1090;13564,77;0;0;1;0;0;0;0;0;1;0;0;0
1091;9097,3;0;0;1;0;0;0;1;0;1;1;0;0
1093;10984,19;0;1;0;0;0;0;0;1;0;1;0;1
1098;13103,92;0;0;1;1;0;0;0;1;0;1;0;1
1099;8851,15;0;1;0;1;0;0;1;0;0;0;0;1
1100;10409,05;0;0;1;0;0;0;0;0;0;0;0;0
1105;10059,62;0;0;1;0;0;0;0;0;1;0;1;0
1106;9303,34;0;0;1;0;0;0;1;1;0;0;1;0
1108;8770,25;0;0;1;1;0;0;0;1;0;0;1;0
1110;10405,79;0;0;1;0;0;0;0;1;0;1;0;0
1111;11773,17;1;0;0;0;0;0;1;1;0;0;1;0
1113;11838,69;0;0;1;0;0;0;0;0;1;0;1;0
1114;10789,13;1;0;0;0;0;0;1;1;0;1;0;0
1117;11193,16;0;0;1;1;0;0;0;1;0;1;1;1
1119;11849,92;0;0;1;0;0;0;0;1;0;1;0;0
1121;12372,19;1;0;0;1;0;0;0;1;0;1;1;0
1123;9702,09;0;0;0;0;0;0;0;1;0;0;0;0
1125;10724,25;0;1;0;1;0;0;0;0;1;0;0;0
1126;9525,44;0;0;0;1;0;0;1;0;1;1;1;0
1127;9848,43;0;0;0;0;0;0;0;0;1;0;0;1
1128;11496,45;1;0;0;0;0;1;1;1;0;1;0;0
1134;9709,52;1;0;0;1;0;0;0;1;0;0;0;0
1136;7667,71;0;0;0;1;0;1;1;1;0;1;0;0
1138;10045,56;0;0;1;0;0;0;0;0;1;0;1;0
1139;13156,4;0;0;0;0;0;0;0;0;1;0;0;0
1140;10963,9;0;1;0;1;0;0;1;1;0;0;0;0
1143;9700,9;0;0;1;1;0;0;0;1;0;1;0;0
1145;9171,61;1;0;0;0;0;0;1;0;1;0;0;1
1147;13487,88;0;0;1;0;0;0;0;0;1;1;1;0
1149;10101,81;0;0;1;1;0;0;0;1;0;1;0;1
1151;10161,6;1;0;0;0;0;0;0;0;1;1;0;1
1152;14625,68;1;0;0;0;0;0;1;0;1;0;0;0
1154;10134,22;0;0;1;1;0;0;0;1;0;0;1;1
1155;10439,73;0;1;0;1;0;0;0;0;1;0;0;1
1157;9298,28;0;0;1;0;0;0;0;1;0;1;0;0
1158;11757,84;0;1;0;1;0;0;0;1;0;1;0;1
1159;10114,48;0;0;1;0;0;0;0;1;0;1;1;0
1160;12616,97;0;0;0;0;0;1;1;0;1;1;1;1
1161;10014,24;0;0;0;0;0;0;1;0;1;1;0;1
1162;10949,44;0;1;0;1;0;0;0;0;1;0;1;1
1165;8962,67;0;0;1;1;0;0;1;0;1;0;1;0
1166;11184,33;0;0;0;1;0;0;0;0;1;1;1;1
1167;8747,2;0;1;0;0;0;0;0;0;1;0;1;0
1172;11920,74;0;0;0;1;0;0;0;0;1;1;0;0
1173;10233,64;1;0;0;0;0;0;0;1;0;0;1;1
1174;9147,68;1;0;0;1;0;1;0;0;1;1;1;0
1177;10556,63;0;1;0;1;0;0;0;0;0;0;0;1
1180;10787,73;0;0;1;1;0;0;0;0;1;1;1;1
1181;10082,69;0;1;0;1;0;0;0;1;0;1;0;1
1183;11554,86;0;0;1;0;0;0;0;1;0;0;0;0
1187;11021,5;0;0;0;1;0;0;0;0;1;0;0;0
1188;12723,36;0;0;1;0;0;0;0;1;0;1;0;0
1189;12867,96;0;0;0;1;0;0;0;0;0;0;0;1
1191;14194,34;0;0;1;0;0;0;0;0;0;0;0;1
1193;9749,05;0;0;1;0;0;0;0;1;0;1;0;1
1196;7877,93;0;0;1;0;0;0;0;1;0;0;0;1
1197;13055,12;0;0;1;0;0;0;1;0;1;0;0;0
1198;12546,81;0;0;1;0;0;0;1;0;0;0;0;1
1199;7717,97;0;0;1;0;0;0;1;0;1;0;0;1
1202;12141,9;0;0;1;1;0;0;0;1;0;0;1;0
1203;9570,92;0;1;0;0;0;0;1;1;0;1;0;0
1204;11782,32;0;0;0;1;0;0;0;0;1;0;0;1
1205;11136,51;0;1;0;0;0;0;0;1;0;0;1;1
1207;11343,72;0;0;1;0;0;0;0;0;1;0;0;0
1208;9546,67;0;0;1;1;0;0;0;0;1;1;0;0
1209;11781,28;0;0;1;1;0;0;0;0;1;0;0;0
1212;10279,64;0;0;1;0;0;0;0;0;1;0;0;0
1215;8520,96;1;0;0;0;0;0;1;0;1;1;1;0
1218;9553,75;0;1;0;0;0;0;0;0;1;0;0;0
1219;10853,78;0;0;0;0;0;0;1;0;1;1;0;0
1220;11828,28;0;0;1;0;0;0;1;0;1;0;0;0
1222;11338,18;1;0;0;1;0;0;0;1;0;0;0;0
1224;8649,36;0;0;0;1;0;1;0;1;0;0;0;0
1226;11011,7;0;0;1;0;0;0;1;1;0;0;0;1
1231;8726,38;0;0;1;0;0;0;0;1;0;1;0;0
1232;8490,87;1;0;0;0;0;0;0;1;0;0;0;1
1233;13698,32;0;0;1;1;0;1;0;0;1;1;0;0
1234;8722,61;0;1;0;0;0;0;0;1;0;0;1;0
1238;10781,58;0;0;1;1;0;0;1;0;1;1;0;0
1242;9981,32;0;0;0;0;0;0;0;0;1;1;0;1
1244;12511,54;0;0;1;1;0;0;0;1;0;1;1;1
1247;8829,25;0;0;0;0;0;0;0;1;0;1;0;0
1249;12014,51;0;0;0;0;0;0;1;1;0;1;0;0
1253;10777,73;0;1;0;1;0;0;1;1;0;0;0;0
1254;9379,02;0;1;0;0;0;0;0;0;1;1;1;0
1259;9556,4;0;0;0;0;0;0;0;0;1;1;0;0
1262;12875,56;0;0;0;0;0;0;0;0;0;1;0;0
1264;9868,6;1;0;0;0;0;0;0;0;1;1;0;0
1266;13209,98;1;0;0;0;0;0;0;0;1;0;0;0
1268;9865,96;0;0;0;0;0;0;0;1;0;1;0;1
1269;13666,11;0;1;0;1;0;0;0;1;0;0;1;1
1270;10875,27;0;0;1;1;0;0;0;1;0;0;1;0
1271;13843,35;0;0;0;0;0;0;0;0;1;0;0;0
1272;12489,17;0;0;1;1;0;0;0;0;1;1;1;0
1273;11600,3;0;1;0;0;0;0;0;1;0;1;1;0
1275;8427,1;0;1;0;0;0;0;0;0;0;1;1;1
1277;13284,46;0;0;1;1;0;0;1;1;0;1;0;0
1281;8694,74;1;0;0;1;0;0;1;0;1;1;0;1
1282;8433,88;0;0;1;0;0;1;1;1;0;0;0;0
1286;10165,13;0;0;0;1;0;0;0;0;1;1;0;1
1288;11370,96;0;0;0;0;0;0;0;1;0;0;0;0
1289;10045,08;0;0;0;0;0;0;1;0;1;0;0;0
1290;10203,44;0;0;0;0;0;0;0;1;0;0;0;1
1291;10718,86;0;0;1;0;0;0;0;1;0;1;0;0
1292;10286,76;0;1;0;1;0;1;1;0;1;0;0;1
1299;10365,78;0;0;1;0;0;0;0;0;1;1;0;0
1300;9177,84;0;1;0;0;0;0;0;1;0;0;0;1
1303;11164,2;0;1;0;1;0;0;1;1;0;1;0;1
1304;12015,76;0;0;1;1;0;0;0;0;1;0;0;0
1307;11220,45;0;0;0;0;0;1;0;1;0;1;0;1
1308;11037,79;0;0;0;1;0;0;0;1;0;1;0;1
1311;10872,62;0;0;1;0;0;0;0;0;0;1;0;1
1314;9229,18;0;0;0;0;0;0;0;0;1;0;0;1
1321;6831,83;1;0;0;1;0;0;0;1;0;0;0;1
1322;8742,86;0;1;0;0;0;0;0;0;1;1;0;0
1325;11204,54;0;1;0;1;0;0;0;0;1;1;0;0
1327;10398,33;0;0;1;0;0;0;0;1;0;1;0;1
1328;10290,38;0;1;0;1;0;0;0;0;1;1;0;0
1329;10968,57;0;0;1;1;0;0;1;0;1;0;1;1
1330;11048,19;1;0;0;0;0;0;0;0;1;0;1;0
1333;13557,94;1;0;0;1;0;1;0;0;1;1;0;0
1334;9378,85;0;0;0;0;0;0;0;0;1;0;0;0
1336;9960,48;0;0;0;1;0;0;0;0;1;0;1;1
1337;9862,19;0;0;1;0;0;0;0;1;0;1;0;0
1338;7822,59;0;0;1;0;0;0;0;0;1;0;0;0
1340;12440,44;1;0;0;0;0;1;0;0;1;1;0;0
1343;10623,34;0;1;0;0;0;0;1;1;0;0;0;0
1346;7767,67;1;0;0;0;0;0;0;0;1;1;0;0
1348;10647,4;1;0;0;0;0;0;0;0;1;0;0;0
1354;10487,02;0;0;1;0;0;0;1;0;1;0;0;0
1355;10460,48;0;0;0;0;0;0;0;0;1;1;1;0
1357;9848,91;0;0;1;0;0;0;0;0;1;1;0;0
1359;11749,58;0;1;0;0;0;0;0;0;1;0;0;1
1362;13118,24;0;0;0;1;0;0;0;0;1;1;0;0
1364;11049,89;0;0;0;0;0;0;0;0;0;1;0;0
1368;9137,57;0;0;1;0;0;0;1;0;0;0;0;0
1370;10648,64;0;1;0;0;0;0;0;0;1;0;0;1
1371;9104,1;0;0;1;0;0;0;0;0;0;0;1;0
1375;9827,17;0;0;1;1;0;0;1;0;1;1;0;0
1376;10662,7;0;0;1;0;0;0;0;1;0;1;0;1
1383;7984,37;0;0;0;0;0;0;0;1;0;1;0;0
1385;10615,55;0;0;0;0;0;0;0;0;1;1;1;0
1388;12557,62;1;0;0;0;0;0;0;1;0;1;1;1
1390;11477,63;0;0;0;0;0;0;0;0;1;1;0;1
1392;11826,52;1;0;0;1;0;0;1;0;0;1;1;1
1393;8613,99;0;0;1;0;0;0;0;0;1;0;0;0
1395;8996,39;0;1;0;0;0;0;1;1;0;0;0;0
1396;11520,66;0;0;1;0;0;0;0;0;1;0;0;1
1397;13002,8;0;1;0;1;0;0;0;1;0;1;1;0
1398;10641,51;0;0;1;1;0;0;0;0;1;0;0;1
1399;10406,88;0;0;1;1;0;0;0;1;0;0;0;1
1400;10186,35;0;0;0;0;0;0;0;1;0;1;0;0
1402;9251,57;0;0;1;1;0;1;0;0;1;0;0;0
1403;11698,1;0;0;1;1;0;0;0;0;0;0;0;0
1405;10350,44;0;0;1;1;0;0;0;0;1;0;0;0
1408;9512,39;0;0;1;0;0;0;0;0;1;0;0;0
1409;12064,91;0;0;0;0;0;0;0;1;0;0;1;1
1410;9808,31;1;0;0;1;0;0;1;1;0;0;0;1
1411;11610,62;0;0;1;1;0;0;0;0;0;1;0;1
1413;10562,2;1;0;0;1;0;0;0;1;0;1;1;0
1414;7689,49;0;1;0;1;0;0;0;0;1;0;0;0
1415;9972,93;0;0;1;1;0;0;0;0;1;0;0;1
1417;12940,92;0;1;0;1;0;0;0;1;0;0;1;0
1418;10262,39;0;0;1;0;0;0;1;0;1;0;0;0
1420;11069,79;0;0;1;1;0;1;1;0;1;1;0;1
1423;9737,88;0;0;1;0;0;0;0;1;0;1;0;0
1424;10239,47;1;0;0;1;0;0;0;0;1;1;1;0
1425;9527,71;0;0;0;0;0;0;0;1;0;0;1;0
1430;8778,13;0;0;1;0;0;0;0;1;0;1;0;0
1432;11920,94;0;1;0;0;0;0;0;0;1;0;1;0
1433;10618,49;1;0;0;0;0;0;0;0;1;1;1;0
1440;10207,86;0;0;1;0;0;0;1;0;1;1;0;1
1444;12407,07;0;0;0;0;0;0;0;1;0;1;0;0
1445;9714,43;1;0;0;1;0;0;1;0;0;1;0;1
1447;7810,96;0;0;0;0;0;0;1;0;1;1;0;0
1452;12496,5;0;0;0;1;0;0;0;1;0;0;0;0
1454;8420,4;0;0;0;0;0;0;0;0;1;1;0;1
1456;13429,54;0;0;1;0;0;0;0;0;1;0;0;0
1457;9919,13;0;0;0;0;0;0;0;0;1;0;1;0
1458;12280,82;0;1;0;0;0;0;0;0;0;0;0;1
1460;11350,32;0;0;1;0;0;0;1;1;0;1;0;0
1461;9013,4;0;0;0;1;0;0;1;1;0;1;1;0
1462;12059,45;0;1;0;0;0;0;1;1;0;1;0;1
1463;7444,94;0;0;1;1;0;0;0;1;0;1;0;0
1464;10829,33;0;0;1;0;0;0;1;1;0;0;1;1
1469;11933,38;0;0;1;0;0;0;0;1;0;1;0;1
1470;9694,76;0;0;1;0;0;0;0;0;1;0;0;0
1471;6875,92;1;0;0;0;0;0;1;0;1;1;0;0
1475;9953,28;0;0;1;0;0;0;1;1;0;1;0;0
1476;10389,83;0;0;1;1;0;0;0;0;1;1;0;0
1477;9642,34;1;0;0;1;0;0;1;1;0;1;1;1
1480;11499,04;0;0;0;1;0;1;1;1;0;0;0;0
1481;9913,44;0;0;0;1;0;0;0;0;1;0;1;0
1483;8177,28;0;0;0;1;0;0;0;0;1;1;0;1
1484;12894,22;0;1;0;0;0;0;0;1;0;0;0;0
1487;8748,83;0;0;1;0;0;0;1;0;0;0;0;1
1489;10106,08;0;0;0;0;0;0;0;0;1;0;0;0
1490;9054,89;0;0;0;1;0;0;0;1;0;0;1;0
1491;8981,55;1;0;0;1;0;0;1;0;1;1;0;1
1492;9917,03;0;0;1;0;0;1;0;1;0;0;1;0
1494;11575,85;0;0;0;1;0;0;1;1;0;0;0;0
1496;13179,18;0;0;1;1;0;0;0;0;1;1;1;0
1499;10152,27;0;0;0;0;0;0;1;1;0;0;1;0
1500;9049,42;0;0;1;0;0;0;0;0;1;0;0;1
1501;12454,59;1;0;0;0;0;0;0;1;0;0;1;0
1504;10314,98;1;0;0;0;0;0;1;0;1;1;0;0
1505;8328,19;1;0;0;0;0;0;0;0;1;0;0;0
1506;10462,65;0;0;1;1;0;0;0;1;0;1;0;0
1507;9517,61;0;1;0;1;0;0;0;0;1;1;0;0
1508;9993,29;1;0;0;0;0;0;0;1;0;1;0;0
1509;9483,08;0;0;1;0;0;0;1;1;0;0;0;0
1512;9893,42;0;1;0;0;0;0;0;0;1;0;1;0
1518;12028,23;0;1;0;0;0;0;0;0;1;0;0;0
1521;12338,79;0;0;1;0;0;0;0;0;1;1;0;1
1522;11198,91;0;1;0;0;0;0;0;1;0;0;0;0
1523;8190,58;0;0;1;1;0;0;1;0;1;1;1;0
1524;12706,26;0;0;0;0;0;0;0;1;0;0;0;1
1525;11215,16;0;1;0;1;0;0;0;0;1;1;0;0
1526;8238,96;0;0;1;1;0;0;1;1;0;0;0;1
1528;10664,39;0;0;0;0;0;0;0;1;0;1;0;0
1530;8184,05;1;0;0;1;0;0;1;1;0;0;1;1
1532;11439,47;0;0;1;0;0;0;0;1;0;0;1;0
1533;8842,61;0;0;1;1;0;0;0;1;0;0;0;0
1534;13245,06;0;0;1;0;0;0;0;0;1;0;0;0
1535;8385,7;0;0;0;0;0;1;0;0;1;0;1;1
1540;12611,03;1;0;0;1;0;0;0;0;1;1;0;0
1541;10138,81;0;0;0;1;0;0;1;1;0;0;0;0
1543;9813,74;0;1;0;0;0;0;1;1;0;1;1;0
1544;9661,38;0;1;0;1;0;0;0;1;0;1;1;1
1545;10372,12;0;0;0;0;0;0;0;0;0;0;0;0
1546;10533,53;0;0;1;0;0;0;0;0;0;0;1;0
1549;10883,75;0;0;0;0;0;0;1;0;1;1;0;0
1550;11908,92;0;0;1;0;0;0;1;0;1;0;0;0
1551;11528,8;0;0;1;0;0;0;0;0;1;1;1;0
1552;13079,22;0;1;0;0;0;0;0;1;0;0;1;0
1554;10299,86;0;0;1;0;0;0;0;1;0;0;0;0
1556;7391,11;1;0;0;0;0;0;0;0;0;1;0;0
1561;10175,5;0;0;1;0;0;0;1;0;1;1;1;0
1563;11135,51;0;0;0;0;0;0;0;0;1;0;0;0
1564;9581,09;0;0;0;0;0;0;0;0;1;0;0;0
1567;9805,49;0;0;0;1;0;0;0;1;0;0;0;1
1568;11341,74;0;1;0;0;0;0;1;0;0;0;0;1
1569;13269,62;0;0;1;0;0;0;1;0;0;1;0;0
1571;13564,74;0;0;1;0;0;0;0;0;1;0;1;0
1572;12713,86;0;0;0;1;0;0;0;0;1;1;0;1
1573;6599,35;0;0;1;1;0;0;1;0;0;0;0;0
1576;13429,02;0;0;0;0;0;0;1;0;1;1;0;0
1580;9097,3;0;0;1;0;0;0;1;0;1;1;0;0
1581;10589,34;1;0;0;1;0;0;0;1;0;1;0;0
1583;10642,79;0;1;0;1;0;0;0;0;1;0;0;1
1584;12671,97;0;0;1;0;0;0;0;0;1;0;0;1
1585;8632,55;1;0;0;0;0;0;1;1;0;0;1;0
1586;9420,98;0;0;1;0;0;0;1;1;0;1;0;1
1590;13136,43;0;1;0;1;0;1;1;0;1;0;0;0
1593;6555,3;1;0;0;1;0;1;0;1;0;0;1;0
1594;10059,62;0;0;1;0;0;0;0;0;1;1;0;1
1596;9575,47;0;0;0;0;0;0;0;1;0;1;1;0
1597;8770,25;0;0;1;1;0;0;0;1;0;0;0;0
1600;11773,17;1;0;0;0;0;0;1;1;0;0;1;1
1601;10030,38;1;0;0;1;0;0;0;1;0;0;1;0
1602;11838,69;0;0;1;0;0;0;0;0;1;1;0;1
1604;11072,45;0;0;1;0;0;0;1;0;1;1;0;0
1605;10584,89;0;1;0;1;0;0;0;1;0;0;0;0
1608;11849,92;0;0;1;0;0;0;0;1;0;1;0;1
1612;9702,09;0;0;0;0;0;0;0;1;0;1;0;0
1613;8463,65;1;0;0;0;0;0;0;1;0;0;0;1
1615;9525,44;0;0;0;1;0;0;1;0;1;0;0;0
1618;12870,27;0;0;1;1;0;0;0;1;0;1;0;0
1620;9368,9;1;0;0;0;0;0;1;1;0;0;1;1
1621;8265,45;0;0;1;0;0;0;1;1;0;0;0;1
1623;9709,52;1;0;0;1;0;0;0;1;0;0;1;0
1624;10268,27;0;0;1;0;0;0;0;1;0;1;0;0
1626;12490,38;0;0;1;1;0;0;0;1;0;1;0;0
1630;12188,81;0;1;0;1;0;0;1;1;0;0;0;1
1631;9973,58;0;0;1;1;0;0;0;1;0;0;1;0
1634;9171,61;1;0;0;0;0;0;1;0;1;0;1;1
1635;8341,18;0;0;1;0;0;0;1;1;0;0;1;1
1639;10799,04;0;0;1;0;0;0;0;0;1;0;0;1
1642;11555,44;0;1;0;1;0;0;0;1;0;0;0;0
1644;14705,5;0;0;1;0;0;0;1;1;0;0;0;0
1645;10966,72;1;0;0;0;0;0;1;0;1;0;1;0
1646;9874,99;0;0;0;0;0;0;1;0;1;0;0;1
1648;11917,07;0;0;1;0;0;0;0;0;1;0;0;0
1650;9367,2;0;1;0;1;0;0;1;0;1;0;0;0
1653;8051,8;0;0;1;1;0;0;1;0;1;0;0;0
1654;9883,96;0;0;0;1;0;0;0;1;0;0;1;0
1656;13860,94;0;1;0;0;0;0;1;0;1;0;1;0
1659;10811,81;0;1;0;0;0;0;0;1;0;0;1;1
1660;9304,49;1;0;0;0;0;0;0;1;0;0;0;0
1661;9187,29;0;0;1;0;0;0;0;0;1;1;1;1
1662;11305,72;0;0;1;1;0;0;0;1;0;1;0;0
1663;12600,9;0;0;1;1;0;0;0;1;0;1;0;0
1664;9355,46;1;0;0;1;0;0;1;0;0;1;0;0
1665;10924,83;0;0;1;0;0;0;1;0;1;1;0;0
1666;11167,71;0;0;1;0;0;0;0;1;0;0;0;0
1669;10771,97;0;0;1;0;0;0;1;0;0;1;0;0
1672;10553,7;0;0;0;0;0;0;0;0;0;0;0;0
1673;9667,69;0;0;0;1;0;0;0;1;0;0;0;1
1675;10294,54;0;1;0;1;0;0;0;0;1;1;0;0
1677;8983,86;0;0;1;0;0;0;1;0;0;1;0;0
1681;9189,69;0;0;1;1;0;0;0;0;1;0;0;1
1685;12896,08;0;0;0;0;0;0;0;1;0;0;1;0
1688;11396,16;1;0;0;0;0;0;0;0;1;1;0;0
1690;8399,78;0;0;1;0;0;1;0;1;0;0;0;0
1691;10865,39;1;0;0;0;0;0;0;1;0;1;0;1
1693;12682,17;0;0;1;1;0;0;0;0;0;0;0;1
1698;9374,13;0;1;0;0;0;0;0;0;1;0;1;0
1701;13600,19;1;0;0;0;0;0;1;0;1;1;1;0
1702;11893,1;0;1;0;0;0;0;0;0;1;1;0;0
1703;11565,4;0;0;0;1;0;0;0;1;0;1;0;1
1704;10299,44;0;1;0;1;0;0;1;0;0;1;0;1
1705;8835,07;0;0;1;0;0;1;0;1;0;0;0;0
1707;12371,54;1;0;0;1;0;0;1;1;0;0;1;1
1709;10776,82;1;0;0;1;0;0;0;0;1;1;1;1
1710;9541,45;1;0;0;0;0;0;1;0;1;0;1;1
1712;9430,36;1;0;0;0;0;0;1;0;1;1;1;0
1715;9262,61;0;0;0;0;0;0;0;0;0;0;0;1
1716;11569,79;0;0;1;0;0;0;1;0;1;1;1;1
1717;11798,24;0;0;0;1;0;0;1;0;1;1;0;1
1718;9568,49;0;0;1;0;0;0;1;1;0;0;0;1
1720;11158,07;1;0;0;0;0;0;1;1;0;0;0;0
1723;9713,12;1;0;0;1;0;0;0;0;1;1;0;1
1724;8775,78;0;0;1;1;0;0;1;1;0;1;0;0
1725;9031,52;1;0;0;0;0;0;0;0;1;0;1;0
1727;11177,22;0;0;0;0;0;0;1;0;1;0;1;1
1728;9365,58;0;1;0;1;0;0;0;0;0;1;1;1
1730;10920,69;0;1;0;1;0;0;1;0;1;1;0;0
1733;10873,8;0;1;0;0;0;0;1;0;1;1;0;0
1738;11446,53;0;0;1;0;0;1;0;0;0;1;0;1
1739;8105,37;0;0;1;0;0;0;0;1;0;1;0;1
1740;11566,24;1;0;0;1;0;0;1;1;0;1;0;1
1743;12762,75;0;0;1;0;0;0;0;0;1;0;0;1
1746;11432,63;1;0;0;0;0;0;0;0;1;1;0;0
1747;13839,59;1;0;0;0;0;0;0;0;1;1;0;0
1749;11666,99;0;0;1;1;0;0;0;0;1;0;0;0
1751;10211,09;0;0;1;1;0;0;0;0;0;0;0;0
1753;8318,44;0;0;1;0;0;0;0;0;0;1;1;1
1755;12447,35;0;0;1;1;0;0;0;0;1;0;0;0
1756;10815,19;0;0;1;0;0;0;0;0;1;0;0;0
1758;12588,09;0;0;1;0;0;0;0;0;0;0;1;1
1760;13134,03;1;0;0;0;0;0;0;1;0;1;0;0
1761;9574,96;0;0;1;0;0;0;0;0;1;0;0;0
1762;8794,86;1;0;0;0;0;0;0;0;1;1;0;0
1764;10226,59;0;0;1;0;0;0;0;0;1;0;0;1
1766;8109,98;1;0;0;1;0;0;1;1;0;0;0;1
1767;12211,41;0;1;0;1;0;0;1;0;1;0;0;1
1768;12273,32;0;0;1;0;0;0;1;0;1;1;0;0
1769;10416,68;0;1;0;0;0;0;0;0;0;1;0;0
1774;11414,06;0;0;1;1;0;0;0;0;1;0;0;1
1776;11002,98;0;0;1;0;0;0;0;0;0;1;0;0
1777;9333,44;0;0;1;1;0;0;0;1;0;1;1;1
1778;10247,06;1;0;0;0;0;0;0;1;0;0;1;0
1779;12566,46;0;0;0;1;0;0;0;0;0;1;0;0
1780;10831,35;0;0;1;0;0;0;0;0;1;0;0;0
1781;11797,94;0;0;1;1;0;0;0;0;1;1;0;1
1783;9930,74;0;0;1;1;0;0;1;0;0;1;0;0
1786;10334,01;0;0;1;1;0;1;0;1;0;0;0;0
1789;9855,98;1;0;0;0;0;0;1;0;1;0;0;0
1790;8983,39;0;0;0;0;0;0;0;1;0;0;1;0
1791;12848,32;0;0;1;1;0;0;0;0;0;0;0;0
1792;9793,32;0;0;0;1;0;0;0;1;0;1;0;0
1796;9551,04;0;0;0;0;0;0;0;0;1;0;0;1
1803;10532,02;0;0;1;0;0;0;0;1;0;1;0;0
1805;11919,42;0;1;0;1;0;0;1;0;1;1;1;1
1810;9677,67;0;0;1;1;0;0;0;0;0;0;0;1
1811;11626,4;0;1;0;0;0;0;0;0;1;0;0;0
1813;9153,6;0;1;0;1;0;0;0;0;1;0;0;0
1814;10725,42;1;0;0;0;0;0;1;0;1;0;0;1
1815;7644,95;0;0;1;1;0;0;0;0;1;0;0;0
1816;11510,91;0;0;1;0;0;0;0;0;0;1;0;1
1817;10186,74;0;0;1;0;0;0;1;1;0;0;0;0
1818;13693,04;0;0;1;1;0;0;0;1;0;0;1;0
1821;11964,75;0;0;0;0;0;0;0;1;0;1;0;1
1824;10796,31;0;0;0;1;0;0;0;0;0;1;1;0
1826;8074,21;1;0;0;0;0;0;0;1;0;1;1;0
1827;11749,06;0;0;1;0;0;1;1;0;0;0;1;0
1828;7760,75;1;0;0;1;0;0;1;0;1;0;1;0
1834;12322,16;1;0;0;1;0;1;0;0;1;1;1;1
1836;9120,54;1;0;0;0;0;0;0;0;1;1;1;0
1837;12110,18;0;0;1;0;0;0;0;0;1;0;0;1
1839;9433,25;0;1;0;0;0;0;0;0;1;1;0;1
1840;8760,53;0;0;0;1;0;1;0;0;0;1;1;0
1843;10289,38;0;0;1;0;0;0;0;0;0;1;1;0
1844;10640,18;1;0;0;0;0;0;1;0;1;0;1;1
1849;13407,64;0;0;1;1;0;1;1;1;0;0;0;1
1851;9463;0;0;1;0;0;0;0;1;0;1;0;0
1854;10255,96;0;1;0;0;0;0;1;1;0;0;0;0
1857;13410,83;0;0;1;1;0;0;0;1;0;0;0;1
1863;11582,72;1;0;0;0;0;0;0;0;1;0;0;0
1867;9601,97;0;1;0;1;0;0;0;1;0;0;0;0
1872;12406,2;0;0;1;0;0;0;1;0;1;1;0;0
1873;8492,28;0;0;1;1;0;0;1;1;0;1;0;0
1874;8678,29;0;0;0;0;0;0;1;0;1;0;0;1
1875;10105,95;0;1;0;1;0;0;0;1;0;1;0;0
1876;12978,5;1;0;0;1;0;1;0;1;0;0;1;1
1877;10095,93;0;0;0;0;0;0;0;1;0;1;0;0
1878;9486,8;0;0;0;1;0;0;0;0;0;0;0;0
1879;8127,11;0;0;0;0;0;0;1;1;0;1;0;1
1881;9406,58;0;1;0;0;0;0;1;1;0;0;1;0
1882;10066,39;0;0;0;0;0;0;0;1;0;1;0;1
1883;10192,5;0;0;1;1;0;0;0;1;0;0;0;0
1884;11451,69;0;1;0;0;0;1;0;0;1;0;1;1
1888;12086,83;0;0;1;0;0;0;0;0;1;1;0;0
1890;11614,8;1;0;0;1;0;0;1;0;1;1;0;1
1895;11614,89;0;0;0;0;0;0;0;0;1;0;1;0
1897;7254,17;1;0;0;0;0;1;0;0;1;1;1;0
1898;7931,41;0;0;1;0;0;0;0;1;0;1;1;1
1900;10951,07;1;0;0;1;0;0;1;0;1;1;0;0
1901;8805,83;0;0;1;1;0;0;0;1;0;1;1;1
1906;9390,27;0;0;1;0;0;1;0;0;1;0;0;1
1912;7038,59;0;0;1;0;0;0;0;1;0;0;0;0
1914;10799,27;0;0;1;0;0;0;0;0;0;1;1;0
1915;11715,1;0;0;0;1;0;0;1;0;1;0;0;0
1917;10836,64;0;1;0;0;0;0;0;0;1;0;0;0
1918;9638,9;0;0;1;1;0;0;0;0;1;0;0;0
1919;12085,94;0;0;1;0;0;0;0;1;0;1;0;1
1921;10246,88;0;0;0;1;0;0;0;0;1;1;0;1
1923;13362,75;0;0;1;1;0;0;1;0;0;1;0;0
1924;6220,66;0;0;1;1;0;0;0;0;0;0;0;0
1925;13593,81;1;0;0;1;0;0;1;0;0;1;1;1
1926;9280,13;0;1;0;0;0;0;0;1;0;0;1;1
1928;9096,13;0;0;1;0;0;0;0;0;1;1;0;0
1929;12508,32;0;1;0;1;0;0;0;0;1;0;1;0
1932;8923,57;0;1;0;1;0;0;0;0;1;1;1;0
1935;12827,8;1;0;0;0;0;0;0;0;1;0;0;0
1936;9417,95;0;0;1;1;0;0;0;1;0;0;0;0
1943;13687,9;0;0;1;1;0;0;0;0;1;0;1;0
1944;12772,49;0;1;0;0;0;0;1;1;0;0;1;1
1947;8629;0;0;0;1;0;0;0;0;1;0;0;1
1949;9777,71;0;1;0;0;0;0;0;0;1;0;1;0
1951;8830,44;1;0;0;1;0;0;1;0;1;1;0;0
1952;11137,16;0;0;0;1;0;0;1;0;1;1;1;0
1959;12272,28;1;0;0;0;0;0;0;1;0;1;0;0
1961;9776,37;0;0;1;0;0;0;0;0;1;1;0;1
1963;8432,99;0;0;0;0;0;0;0;1;0;1;0;0
1966;9603,24;0;0;1;0;0;0;0;1;0;0;0;0
1971;9504,5;0;1;0;1;0;0;1;0;1;1;1;0
1972;8597,1;0;1;0;0;0;0;1;1;0;0;1;0
1974;8551,55;0;0;0;1;0;0;0;0;1;1;0;0
1975;8958,98;0;0;1;1;0;0;1;0;1;1;0;0
1977;10416,17;0;1;0;0;0;0;0;0;1;0;0;0
1980;10411,55;0;0;1;1;0;0;1;0;1;0;1;0
1982;9765,11;0;1;0;0;0;0;0;0;1;0;1;1
1984;11989,83;0;0;1;1;0;0;1;0;1;0;0;0
1987;10027,17;1;0;0;0;0;0;0;0;1;0;0;0
1989;10047,8;1;0;0;1;0;0;0;1;0;1;0;1
1998;9229,15;0;0;0;0;0;0;1;0;1;0;0;0
2002;11914,38;0;1;0;0;0;0;1;0;1;1;0;0
2003;9302,42;0;0;1;1;0;1;1;1;0;1;0;0
2005;11137,46;0;1;0;1;0;0;0;0;1;1;0;0
2006;8562,91;0;0;1;0;0;0;0;0;1;1;1;0
2007;12975,84;0;1;0;1;0;0;1;1;0;1;0;0
2009;8300,95;1;0;0;0;0;0;0;1;0;1;0;0
2012;9911,99;0;1;0;0;0;0;0;1;0;1;0;0
2017;13534,23;0;0;1;0;0;0;1;1;0;1;0;0
2021;5982,82;1;0;0;0;0;0;0;0;0;0;0;1
2023;9561,85;0;0;1;1;0;0;0;1;0;0;0;0
2026;9860,96;0;0;1;1;0;0;0;0;0;1;0;0
2027;11408,72;0;0;0;0;0;0;0;0;1;1;1;0
2028;8877,45;0;0;0;0;0;0;1;0;1;1;1;0
2029;12884,63;0;0;0;0;0;0;0;0;1;0;0;0
2030;9997,05;0;0;1;1;0;0;0;0;1;0;1;0
2031;9119,06;1;0;0;0;0;0;1;1;0;1;0;0
2033;12370,4;0;0;1;1;0;0;0;0;1;0;1;1
2034;10163,1;1;0;0;0;0;1;1;1;0;0;0;0
2036;10239,4;0;1;0;0;0;1;1;1;0;1;1;1
2039;10141,44;0;0;0;0;0;0;0;0;1;0;1;1
2041;8624,06;0;1;0;0;0;0;1;0;1;1;0;1
2042;11211,98;0;0;1;1;0;0;0;0;1;0;0;0
2044;9292,29;0;0;0;1;0;1;1;0;1;0;0;1
2045;9870,33;0;0;1;0;0;0;1;1;0;0;1;0
2048;8655,59;1;0;0;1;0;0;0;0;1;1;1;0
2052;10772,89;1;0;0;0;0;0;0;0;1;0;1;1
2054;11454,59;0;1;0;1;0;0;1;0;0;0;1;0
2057;12084,33;0;0;1;1;0;0;1;1;0;1;0;0
2061;9795,23;0;0;1;0;0;0;0;0;1;1;0;1
2062;7604,66;0;0;1;0;0;0;0;1;0;1;0;0
2067;9403,62;0;0;1;0;0;0;0;1;0;0;0;0
2068;6286,77;0;0;1;0;0;0;1;0;1;0;1;1
2071;10424,37;1;0;0;0;0;0;1;0;0;1;0;0
2072;10106,48;1;0;0;0;0;0;1;0;1;1;1;0
2073;9842,83;0;0;1;1;0;0;0;0;1;1;0;1
2075;10264,22;1;0;0;0;0;0;1;1;0;0;0;1
2079;13886,62;0;1;0;0;0;0;0;0;1;0;0;0
2083;12588,46;1;0;0;0;0;0;0;0;1;1;0;0
2085;12480,33;0;0;1;0;0;0;0;0;1;0;0;0
2086;12789,44;1;0;0;0;0;0;1;0;1;1;0;0
2087;12404,42;0;1;0;1;0;0;0;0;1;1;0;0
2088;11037,32;0;0;1;1;0;0;1;0;0;0;0;0
2089;11005,37;1;0;0;0;0;0;0;0;1;0;0;0
2093;12304,64;0;1;0;1;0;0;1;0;1;0;0;0
2095;9477,72;0;0;0;0;0;0;1;1;0;1;0;0
2097;10071,34;0;0;1;0;0;0;0;1;0;1;1;0
2101;8895,48;0;0;1;1;0;0;0;1;0;1;0;0
2104;11150,06;0;0;1;1;0;0;0;0;0;0;1;1
2105;11578,89;0;0;0;1;0;0;0;0;1;1;0;0
2106;10629,59;0;0;1;1;0;0;0;0;1;0;0;1
2108;10404,89;0;0;0;1;0;0;0;0;1;0;1;0
2112;10923,36;0;1;0;0;0;0;0;1;0;1;0;0
2113;9971,51;0;0;0;1;0;0;0;0;1;0;0;0
2116;10620,72;0;1;0;1;0;0;0;1;0;1;0;0
2117;9076,35;0;0;0;0;0;1;0;1;0;0;1;0
2118;10771,22;0;0;1;1;0;0;0;1;0;0;0;0
2119;11785,48;1;0;0;0;0;0;0;0;1;0;0;0
2124;11394,6;0;0;1;0;0;0;0;0;1;0;0;1
2127;8985,43;0;1;0;0;0;0;0;0;1;0;1;1
2128;10339,69;0;0;0;1;0;0;0;1;0;1;0;0
2129;14705,5;0;0;1;0;0;0;1;1;0;0;1;1
2133;11917,07;0;0;1;0;0;0;0;0;1;0;0;1
2134;11838,36;0;1;0;0;0;0;0;1;0;1;1;0
2135;9367,2;0;1;0;1;0;0;1;0;1;0;1;1
2136;9942,29;1;0;0;1;0;0;0;1;0;1;0;0
2138;8051,8;0;0;1;1;0;0;1;0;1;0;0;1
2140;9943,96;1;0;0;0;0;0;0;1;0;1;1;0
2142;9983,24;0;0;1;0;0;0;1;1;0;1;0;1
2144;10811,81;0;1;0;0;0;0;0;1;0;1;0;0
2145;9304,49;1;0;0;0;0;0;0;1;0;0;0;1
2149;9355,46;1;0;0;1;0;0;1;0;0;0;0;0
2150;10924,83;0;0;1;0;0;0;1;0;1;0;0;1
2151;11167,71;0;0;1;0;0;0;0;1;0;0;0;0
2152;9011,9;0;0;1;0;0;0;1;0;1;0;0;0
2155;9940,1;0;0;0;1;0;0;1;1;0;1;0;0
2158;9667,69;0;0;0;1;0;0;0;1;0;0;0;1
2159;10617,2;0;1;0;0;0;0;1;0;1;1;0;0
2161;10767,46;1;0;0;0;0;0;1;1;0;1;1;0
2162;8983,86;0;0;1;0;0;0;1;0;0;1;1;1
2163;9412,37;0;1;0;0;0;0;1;0;0;1;0;0
2165;9308,64;0;0;0;1;0;0;0;0;1;0;0;0
2167;10034,74;1;0;0;0;0;0;1;0;1;0;0;1
2170;12896,08;0;0;0;0;0;0;0;1;0;1;0;0
2171;12271,85;0;0;0;0;0;0;0;1;0;0;0;0
2172;8657,97;0;0;1;0;0;0;1;0;1;0;0;1
2174;8418,51;0;0;1;0;0;0;0;1;0;0;0;0
2175;8399,78;0;0;1;0;0;1;0;1;0;1;0;1
2180;9796,23;0;0;1;1;0;0;0;1;0;0;1;0
2183;9374,13;0;1;0;0;0;0;0;0;1;1;0;0
2186;13600,19;1;0;0;0;0;0;1;0;1;0;0;1
2191;10865,48;0;0;0;1;0;1;1;0;1;0;0;1
2192;12371,54;1;0;0;1;0;0;1;1;0;0;0;0
2194;10776,82;1;0;0;1;0;0;0;0;1;0;0;1
2196;9355,92;1;0;0;0;0;0;1;1;0;1;1;1
2198;14433,51;0;1;0;1;0;0;0;1;0;0;0;0
2200;9262,61;0;0;0;0;0;0;0;0;0;1;0;0
2202;11798,24;0;0;0;1;0;0;1;0;1;0;0;0
2205;11158,07;1;0;0;0;0;0;1;1;0;0;1;0
2206;12289,37;0;0;1;1;0;0;0;1;0;1;1;0
2208;9713,12;1;0;0;1;0;0;0;0;1;1;0;0
2212;11177,22;0;0;0;0;0;0;1;0;1;0;0;0
2214;8776,07;0;0;1;0;0;0;0;0;1;1;0;1
2220;7955,14;0;0;1;0;0;0;1;0;1;1;0;0
2223;11446,53;0;0;1;0;0;1;0;0;0;1;0;0
2224;8105,37;0;0;1;0;0;0;0;1;0;1;0;1
2230;9140,6;0;1;0;1;0;1;0;0;1;0;1;1
2232;13839,59;1;0;0;0;0;0;0;0;1;1;1;1
2233;12641,14;0;0;0;0;0;0;0;1;0;0;0;1
2234;11666,99;0;0;1;1;0;0;0;0;1;0;0;0
2236;10211,09;0;0;1;1;0;0;0;0;0;0;0;0
2237;9042,94;0;0;1;1;0;0;1;0;1;1;1;1
2238;8318,44;0;0;1;0;0;0;0;0;0;0;0;0
2241;10815,19;0;0;1;0;0;0;0;0;1;1;0;0
2244;9360,06;0;0;1;0;0;0;0;0;1;0;1;0
2245;13134,03;1;0;0;0;0;0;0;1;0;1;0;0
2248;9818,99;0;0;1;0;0;0;0;1;0;1;0;1
2249;10226,59;0;0;1;0;0;0;0;0;1;1;0;1
2252;12211,41;0;1;0;1;0;0;1;0;1;0;0;1
2253;12273,32;0;0;1;0;0;0;1;0;1;0;0;1
2255;10221,27;0;1;0;1;0;0;0;0;1;1;0;0
2257;9043,44;1;0;0;0;0;1;0;0;1;1;0;0
2258;9424,59;0;0;0;1;0;0;1;1;0;1;0;0
2260;11359,22;0;0;1;1;0;0;0;1;0;0;0;1
2262;9333,44;0;0;1;1;0;0;0;1;0;0;0;0
2266;11797,94;0;0;1;1;0;0;0;0;1;1;1;0
2269;10208,23;0;0;0;1;0;0;1;1;0;1;0;0
2270;11008,32;0;0;1;1;0;0;0;0;0;1;0;0
2271;10334,01;0;0;1;1;0;1;0;1;0;0;1;0
2272;12926,15;0;0;1;1;0;1;1;0;0;0;0;0
2274;9855,98;1;0;0;0;0;0;1;0;1;0;0;0
2275;8983,39;0;0;0;0;0;0;0;1;0;0;0;0
2276;12848,32;0;0;1;1;0;0;0;0;0;0;0;0
2278;8951,15;0;1;0;0;0;0;0;1;0;0;0;0
2279;9071,03;0;0;0;0;0;0;0;1;0;1;0;1
2281;9551,04;0;0;0;0;0;0;0;0;1;1;0;1
2283;11761,73;0;1;0;0;0;0;0;1;0;0;1;0
2285;13597,62;0;0;0;0;0;1;0;1;0;1;0;0
2286;9628,35;0;0;1;0;0;0;1;1;0;0;1;1
2287;9442,12;0;0;0;1;0;0;1;0;1;0;0;1
2292;7878,18;0;0;1;1;0;0;0;1;0;1;0;0
2294;13537,18;1;0;0;0;0;0;0;0;1;1;0;0
2296;11626,4;0;1;0;0;0;0;0;0;1;0;0;1
2299;10725,42;1;0;0;0;0;0;1;0;1;1;0;0
2300;7644,95;0;0;1;1;0;0;0;0;1;1;0;1
2301;11510,91;0;0;1;0;0;0;0;0;0;1;0;1
2302;10186,74;0;0;1;0;0;0;1;1;0;1;0;0
2303;13693,04;0;0;1;1;0;0;0;1;0;0;1;1
2304;9500,79;0;0;0;1;0;0;0;0;1;1;0;1
2307;9640,76;0;0;1;0;0;0;1;0;1;1;0;1
2309;10796,31;0;0;0;1;0;0;0;0;0;0;1;0
2316;10309,11;0;1;0;0;0;0;0;1;0;0;1;0
2318;10852,68;0;0;0;0;0;0;0;0;1;1;1;1
2319;12322,16;1;0;0;1;0;1;0;0;1;1;0;0
2320;11547,45;0;0;0;1;0;0;0;1;0;1;0;0
2321;9120,54;1;0;0;0;0;0;0;0;1;0;0;0
2323;9294,39;0;1;0;1;0;0;0;0;1;0;0;1
2326;9459,1;0;1;0;1;0;0;1;0;1;0;0;0
2329;10640,18;1;0;0;0;0;0;1;0;1;0;0;0
2330;11012,33;0;0;0;0;0;0;1;1;0;0;0;0
2331;10420,9;1;0;0;0;0;0;0;0;0;0;1;0
2333;11048,48;0;0;1;0;0;0;1;1;0;1;1;1
2335;9513,33;0;0;0;0;0;0;1;1;0;0;1;0
2339;10255,96;0;1;0;0;0;0;1;1;0;0;1;1
2340;8336,82;0;0;1;0;0;0;0;0;1;0;1;0
2343;10431,68;1;0;0;0;0;0;1;0;1;0;0;0
2349;7918,35;1;0;0;1;0;1;0;1;0;1;0;1
2350;11589,23;0;0;1;0;0;1;0;0;0;0;0;0
2352;9601,97;0;1;0;1;0;0;0;1;0;1;0;0
2357;12406,2;0;0;1;0;0;0;1;0;1;1;1;0
2362;10095,93;0;0;0;0;0;0;0;1;0;1;0;1
2363;9486,8;0;0;0;1;0;0;0;0;0;0;1;0
2365;10193,99;0;0;0;0;0;0;1;1;0;1;1;0
2368;10192,5;0;0;1;1;0;0;0;1;0;1;0;0
2370;12247,76;1;0;0;1;0;0;0;0;1;0;0;0
2371;13881,76;1;0;0;1;0;1;0;1;0;1;0;1
2372;9878,99;0;0;1;0;0;0;0;0;1;1;0;0
2373;12086,83;0;0;1;0;0;0;0;0;1;1;1;0
2375;11614,8;1;0;0;1;0;0;1;0;1;1;0;1
2379;9300,22;0;0;1;1;0;0;1;0;1;1;0;0
2380;11614,89;0;0;0;0;0;0;0;0;1;0;1;0
2381;8763,74;1;0;0;0;0;0;0;0;1;0;0;1
2383;7931,41;0;0;1;0;0;0;0;1;0;1;1;1
2385;10951,07;1;0;0;1;0;0;1;0;1;0;0;0
2386;8805,83;0;0;1;1;0;0;0;1;0;1;1;1
2387;11797,98;1;0;0;0;0;0;0;0;1;1;1;0
2388;8962,49;1;0;0;0;0;0;0;1;0;0;0;0
2389;8807,21;1;0;0;1;0;0;0;1;0;0;0;0
2390;10747,94;1;0;0;0;0;0;0;1;0;1;0;1
2397;7038,59;0;0;1;0;0;0;0;1;0;0;1;0
2398;10682,97;0;1;0;0;0;0;0;0;1;1;0;0
2401;13303,28;0;0;0;0;0;1;0;0;1;0;0;0
2409;6220,66;0;0;1;1;0;0;0;0;0;0;0;1
2411;9280,13;0;1;0;0;0;0;0;1;0;1;0;0
2412;10495,52;0;0;1;0;0;1;0;0;1;1;1;0
2413;9096,13;0;0;1;0;0;0;0;0;1;1;0;0
2414;12508,32;0;1;0;1;0;0;0;0;1;1;0;0
2417;8923,57;0;1;0;1;0;0;0;0;1;1;1;1
2419;10771,74;0;0;0;0;0;0;0;0;1;1;1;0
2421;9417,95;0;0;1;1;0;0;0;1;0;1;1;0
2423;11503,44;1;0;0;0;0;0;1;1;0;0;0;0
2425;8280,95;0;0;1;0;0;0;1;0;1;0;0;0
2428;13687,9;0;0;1;1;0;0;0;0;1;0;0;0
2429;12772,49;0;1;0;0;0;0;1;1;0;0;0;1
2430;11555,57;0;0;1;0;0;0;0;1;0;1;0;0
2437;11137,16;0;0;0;1;0;0;1;0;1;1;0;0
2438;11373,04;0;0;0;0;0;0;0;0;1;0;0;0
2440;9621,36;0;0;1;1;0;0;1;0;1;0;1;0
2442;6641,15;0;0;1;0;0;0;1;0;1;1;1;1
2445;10095,95;0;0;0;0;0;0;0;1;0;0;0;0
2447;9156,04;1;0;0;1;0;0;1;1;0;0;0;0
2450;10266,13;0;0;1;0;0;0;0;1;0;1;0;0
2451;9603,24;0;0;1;0;0;0;0;1;0;0;0;0
2455;11727,99;0;0;0;0;0;0;0;0;1;0;1;0
2456;9504,5;0;1;0;1;0;0;1;0;1;0;0;0
2457;8597,1;0;1;0;0;0;0;1;1;0;0;0;0
2458;9535,29;0;1;0;1;0;0;0;0;1;1;0;1
2459;8551,55;0;0;0;1;0;0;0;0;1;0;0;0
2460;8958,98;0;0;1;1;0;0;1;0;1;0;0;0
2462;10416,17;0;1;0;0;0;0;0;0;1;0;0;0
2463;11251,01;0;1;0;0;0;0;1;1;0;0;0;0
2464;10493,03;0;0;1;0;0;0;0;1;0;1;0;1
2468;9226,62;0;0;1;0;0;0;0;1;0;1;0;1
2471;10692,3;1;0;0;1;0;0;0;0;0;1;0;0
2474;10047,8;1;0;0;1;0;0;0;1;0;1;0;1
2476;10110,44;0;1;0;0;0;0;1;1;0;0;0;0
2477;12026,8;0;0;0;0;0;0;0;1;0;1;0;0
2478;12095,64;0;0;1;0;0;0;0;1;0;1;0;1
2481;7749,46;0;0;1;0;0;0;1;0;1;1;0;0
2483;9229,15;0;0;0;0;0;0;1;0;1;0;0;0
2486;10974,98;0;1;0;1;0;1;0;0;1;1;0;1
2488;9302,42;0;0;1;1;0;1;1;1;0;1;0;1
2489;9366,93;0;1;0;1;0;1;1;1;0;0;0;1
2490;11137,46;0;1;0;1;0;0;0;0;1;0;0;1
2491;8562,91;0;0;1;0;0;0;0;0;1;1;0;0
2492;12975,84;0;1;0;1;0;0;1;1;0;1;1;0
2496;10978,35;0;0;1;1;0;0;0;0;1;1;0;0
2497;9911,99;0;1;0;0;0;0;0;1;0;1;1;1
2498;10539,32;0;0;1;1;0;0;1;0;0;0;0;0
2499;9125,87;0;0;1;0;0;0;0;0;1;1;0;1
2501;8858,27;0;0;1;1;0;0;1;0;1;0;0;0
2504;10806,66;0;0;0;0;0;0;1;1;0;1;0;0
2509;9252,56;0;0;0;1;0;0;0;0;0;0;1;0
2510;8058,33;0;1;0;1;0;0;0;1;0;0;0;1
2511;9860,96;0;0;1;1;0;0;0;0;0;0;0;1
2514;12884,63;0;0;0;0;0;0;0;0;1;0;0;0
2516;9119,06;1;0;0;0;0;0;1;1;0;0;0;0
2518;12370,4;0;0;1;1;0;0;0;0;1;0;0;0
2520;9987,58;0;0;1;1;0;0;1;1;0;1;1;1
2521;10239,4;0;1;0;0;0;1;1;1;0;1;0;0
2523;12246,44;0;1;0;1;0;1;0;0;1;1;0;0
2524;10141,44;0;0;0;0;0;0;0;0;1;0;0;0
2525;9936,05;1;0;0;1;0;0;0;0;1;1;0;0
2526;8624,06;0;1;0;0;0;0;1;0;1;0;0;1
2528;11032,83;1;0;0;0;0;0;0;0;1;1;0;1
2530;9870,33;0;0;1;0;0;0;1;1;0;1;0;1
2531;10751,69;0;1;0;0;0;0;0;0;1;0;0;0
2533;8655,59;1;0;0;1;0;0;0;0;1;0;0;0
2534;12903,44;0;0;1;0;0;0;0;1;0;0;1;0
2538;12433,57;0;0;1;1;0;0;0;0;1;0;0;0
2539;11454,59;0;1;0;1;0;0;1;0;0;0;0;1
2542;12084,33;0;0;1;1;0;0;1;1;0;1;0;0
2543;13885,67;0;0;1;0;0;0;0;0;1;0;0;0
2544;9144,91;0;1;0;1;0;0;0;0;1;0;0;1
2545;8715,53;0;0;1;0;0;0;0;1;0;1;1;0
2546;9795,23;0;0;1;0;0;0;0;0;1;1;0;0
2547;7604,66;0;0;1;0;0;0;0;1;0;0;0;1
2548;13687,56;0;0;1;0;0;0;0;0;0;1;0;0
2550;9621,95;0;0;1;1;0;1;1;0;1;1;0;0
2551;9977,64;0;0;0;0;0;0;0;1;0;0;0;1
2555;10968,21;0;0;1;1;0;0;0;1;0;0;1;0
2556;10424,37;1;0;0;0;0;0;1;0;0;1;0;0
2557;10106,48;1;0;0;0;0;0;1;0;1;1;0;1
2558;9842,83;0;0;1;1;0;0;0;0;1;1;1;0
2561;7139,78;0;0;1;0;0;0;0;1;0;0;0;0
2563;12959,55;0;1;0;0;0;0;1;0;1;0;0;1
2565;10500,81;0;0;1;1;0;0;1;0;0;1;0;0
2566;10671,37;1;0;0;1;0;0;0;0;0;0;0;1
2568;12588,46;1;0;0;0;0;0;0;0;1;1;0;1
2569;9693,04;0;0;0;0;0;0;0;1;0;1;0;0
2570;12480,33;0;0;1;0;0;0;0;0;1;0;1;1
2572;12404,42;0;1;0;1;0;0;0;0;1;0;0;0
2574;11005,37;1;0;0;0;0;0;0;0;1;0;1;0
2575;10781,48;0;0;1;0;0;0;0;0;1;0;0;0
2577;9220,74;0;0;1;1;0;0;0;1;0;1;0;1
2578;12304,64;0;1;0;1;0;0;1;0;1;0;0;0
2581;7073,7;0;1;0;1;0;0;0;0;1;0;0;0
2582;10071,34;0;0;1;0;0;0;0;1;0;0;1;0
2584;9915,05;0;0;0;0;0;0;0;0;0;0;0;1
2586;8895,48;0;0;1;1;0;0;0;1;0;1;0;0
2588;13034,7;0;0;0;1;0;0;0;0;1;1;0;0
2590;11578,89;0;0;0;1;0;0;0;0;1;0;0;0
2592;10578,99;0;0;1;0;0;0;0;1;0;0;1;0
2594;9253,62;0;1;0;0;0;0;0;1;0;1;0;0
2595;10339,49;0;1;0;1;0;0;1;1;0;0;1;0
2596;12082,56;0;0;1;0;0;0;0;0;1;0;1;1
2597;10923,36;0;1;0;0;0;0;0;1;0;0;1;0
2599;10819,76;0;0;1;0;0;0;0;0;1;0;0;1
2603;10771,22;0;0;1;1;0;0;0;1;0;1;0;1
2604;11785,48;1;0;0;0;0;0;0;0;1;0;0;0
2605;14448,92;1;0;0;0;0;0;0;1;0;0;0;0
2606;11537,86;0;1;0;1;0;0;0;1;0;1;0;0
2608;12207,87;0;0;1;1;0;0;0;0;1;1;0;0
2609;11394,6;0;0;1;0;0;0;0;0;1;1;0;0
2614;6762,77;0;1;0;0;0;1;0;0;0;1;0;0
2618;10297,97;0;0;0;0;0;0;1;0;0;1;0;1
2621;9135,35;0;0;0;0;0;1;1;0;0;0;0;0
2625;7401,5;0;0;0;0;0;0;1;0;0;1;1;1
2626;9628,13;0;1;0;0;1;0;1;0;1;1;1;1
2627;7725,82;0;1;0;0;0;0;1;0;1;0;0;0
2628;7500,75;0;0;0;0;0;0;1;0;1;1;1;1
2630;7255,14;1;0;0;0;0;0;0;0;0;1;1;1
2632;8916,11;1;0;0;0;0;0;1;0;0;1;1;0
2638;8526,26;0;1;0;0;0;0;1;0;1;1;1;1
2639;7061,42;0;0;1;0;0;0;1;0;0;0;0;0
2640;9472,53;0;1;0;0;0;0;0;0;1;1;0;0
2641;7134,86;0;1;0;0;0;0;1;1;0;0;1;1
2642;7350,21;0;0;1;0;0;0;1;0;0;0;0;1
2644;6800,21;1;0;0;1;0;0;1;1;0;0;1;1
2646;5823,51;0;1;0;0;0;0;0;1;0;1;0;1
2647;8240,39;1;0;0;0;0;0;1;0;0;0;0;0
2649;7920,73;0;0;0;0;0;0;1;0;0;0;0;0
2650;7410,5;0;0;1;0;0;1;1;1;0;0;1;1
2652;6696,8;0;0;0;0;0;0;1;1;0;0;1;0
2654;7152,13;0;0;0;0;0;0;0;1;0;1;1;1
2655;8443,97;0;0;0;0;0;0;0;0;0;1;1;0
2656;6916,65;0;0;0;0;0;1;0;0;0;1;1;0
2658;8965,7;1;0;0;0;0;0;1;0;0;0;1;0
2659;7989,1;0;0;0;0;0;0;1;0;0;0;1;1
2661;9305,94;1;0;0;0;0;1;0;0;0;0;1;0
2664;6879,18;1;0;0;0;0;0;0;1;0;0;1;0
2666;7762,06;0;1;0;0;0;0;1;0;0;0;0;1
2669;8990,39;0;1;0;0;0;0;1;0;1;1;0;0
2670;6693,57;0;0;0;1;0;1;1;0;0;1;1;1
2671;7629,89;0;1;0;0;0;0;1;0;0;0;0;0
2677;6932,79;0;1;0;1;0;0;0;0;1;1;1;0
2681;9050,69;1;0;0;0;0;0;1;0;0;1;1;0
2683;9557,38;1;0;0;0;0;0;1;0;1;0;0;1
2689;7568,2;0;1;0;0;0;0;0;0;0;0;1;1
2691;6237,54;1;0;0;0;0;0;1;1;0;0;0;0
2693;7825,88;0;0;0;0;0;1;1;0;0;1;0;1
2696;7375,87;0;0;0;0;0;0;1;0;0;0;0;0
2700;7975,58;0;1;0;0;0;0;1;0;1;0;1;1
2703;7291,06;0;0;1;0;0;0;1;0;0;0;0;1
2704;9127,92;0;1;0;0;0;0;0;0;0;1;0;0
2707;6029,82;1;0;0;0;0;0;1;0;0;1;0;0
2708;8512,13;0;0;0;0;0;0;1;0;1;1;0;1
2710;7078,94;0;0;0;0;0;0;0;0;1;0;1;1
2711;8014,64;1;0;0;1;0;0;1;0;0;0;0;0
2713;7351,12;0;0;0;0;0;0;1;0;0;1;0;1
2714;7928,05;0;0;0;0;0;0;1;0;0;1;0;1
2715;6075,8;0;1;0;0;0;0;0;0;0;1;0;1
2717;9819,3;0;1;0;0;0;0;1;0;0;0;0;0
2724;7398,41;1;0;0;0;0;0;1;1;0;0;0;0
2725;9370,07;0;1;0;0;0;1;1;0;1;1;0;1
2726;10123,86;0;1;0;0;0;0;1;0;0;0;1;1
2727;7575,57;0;0;0;1;0;0;1;1;0;0;0;0
2729;7679,56;0;1;0;0;0;0;1;0;0;1;1;0
2730;8776,5;0;1;0;0;0;0;1;1;0;0;1;1
2731;6550,37;1;0;0;0;0;1;0;0;0;0;1;0
2732;7780,48;0;1;0;1;0;0;1;1;0;0;1;1
2735;7548,93;0;1;0;0;0;0;1;0;1;1;0;0
2736;9387,23;0;0;0;0;0;1;0;0;0;0;1;1
2740;7281,07;0;0;1;0;0;0;1;0;1;1;0;1
2741;7917,95;0;0;0;0;0;1;1;0;0;1;0;1
2743;7293,86;0;0;0;0;0;0;1;1;0;1;1;0
2747;8956,62;0;1;0;0;0;0;1;0;1;1;0;1
2749;8832,87;0;1;0;0;0;0;0;0;0;0;0;1
2750;7413,15;0;1;0;1;0;0;1;0;1;1;0;0
2751;9154,4;1;0;0;0;0;0;1;1;0;0;1;1
2752;7954,58;0;0;1;0;0;1;1;0;1;0;0;1
2753;7053,08;0;1;0;0;0;0;0;0;0;0;1;1
2754;6745,97;0;1;0;0;0;0;1;1;0;1;0;0
2755;7885,13;0;1;0;0;0;0;0;0;0;0;1;1
2756;7952,08;1;0;0;1;0;0;1;0;1;1;0;1
2759;9022,8;0;1;0;0;0;0;1;1;0;0;1;0
2760;6140,11;0;1;0;0;0;0;1;0;0;1;0;1
2762;7992,8;0;0;0;1;0;1;1;0;0;1;0;0
2764;7176,23;0;1;0;1;0;0;0;0;1;0;0;1
2769;9892,38;1;0;0;0;0;1;1;0;0;1;0;1
2770;7756,86;0;0;1;1;0;0;1;0;0;0;0;1
2771;8072,66;0;1;0;0;0;0;1;0;1;1;1;0
2772;7542,52;0;1;0;0;0;0;1;1;0;0;1;0
2773;7591,86;0;1;0;0;0;0;1;0;0;1;0;1
2777;7660,38;0;0;0;0;0;0;0;0;1;0;1;1
2779;7945,61;0;0;0;0;0;1;0;0;1;0;1;1
2780;9426,24;0;0;0;0;0;1;1;0;1;0;0;1
2782;8913,87;0;1;0;0;0;0;1;0;0;0;1;1
2785;7501,85;0;0;1;0;0;0;1;0;0;1;0;0
2787;7266,16;0;0;0;0;0;0;1;0;1;0;1;0
2788;7579,6;1;0;0;0;0;0;1;0;0;0;1;0
2789;7276,01;0;1;0;0;0;0;1;0;0;0;1;0
2790;6674,06;1;0;0;0;0;0;1;0;0;0;0;0
2797;6784,27;1;0;0;0;0;0;1;0;0;1;0;0
2798;7612,86;0;0;0;0;0;0;0;0;0;0;1;1
2800;6871,48;0;1;0;0;0;1;0;0;0;1;1;1
2803;6148,33;0;1;0;0;0;0;1;0;0;0;0;0
2804;7577,7;0;1;0;0;0;0;1;1;0;1;0;1
2806;7501,91;1;0;0;0;0;0;1;1;0;0;0;1
2807;9256,89;0;1;0;0;0;1;0;0;1;1;1;1
2808;6554,43;0;0;1;0;0;0;1;0;0;0;0;1
2812;7179,21;0;0;0;0;0;0;0;0;0;0;1;1
2814;6637,51;0;0;1;0;0;0;1;0;0;0;1;0
2816;7486,33;1;0;0;1;0;0;1;0;0;0;0;0
2817;7807,93;0;1;0;0;0;0;0;0;1;1;1;0
2821;7468,9;0;0;0;0;0;0;0;0;0;1;1;1
2822;7120,31;0;1;0;0;0;0;0;1;0;0;0;1
2823;6913,06;0;0;0;0;0;0;1;1;0;0;1;1
2826;6833,97;0;1;0;0;0;1;1;0;1;1;1;0
2828;9070,41;0;0;0;0;0;1;1;0;0;1;0;0
2830;7383,87;1;0;0;0;0;1;1;0;0;1;0;0
2833;7755,12;1;0;0;0;0;0;0;0;0;1;1;0
2836;8299,29;1;0;0;1;0;0;1;0;0;0;0;1
2837;8041,31;0;0;1;0;0;1;1;0;0;1;0;0
2838;9213;0;0;1;0;0;0;1;0;1;0;1;1
2841;9773,54;0;0;0;0;0;0;1;1;0;1;1;1
2845;6409,09;0;1;0;0;0;1;0;0;0;1;0;1
2846;8759,22;1;0;0;1;0;0;1;0;0;1;0;0
2850;8074,97;0;1;0;0;0;1;0;0;0;0;0;0
2852;6206,62;0;1;0;0;0;0;1;0;0;0;1;0
2854;5382,46;0;0;0;0;0;0;1;0;0;0;0;1
2856;5938,37;1;0;0;0;0;1;1;0;1;0;0;0
2862;6847,29;1;0;0;0;0;1;1;1;0;1;0;1
2864;9071,57;0;0;0;0;0;1;1;0;1;1;0;1
2865;7728,37;0;1;0;0;0;0;0;0;0;1;1;1
2866;8080,88;0;0;0;1;0;0;1;0;0;1;1;0
2873;7498,04;1;0;0;1;0;0;1;0;0;0;0;0
2875;8113,18;1;0;0;0;0;0;1;0;1;1;0;0
2876;6449,26;1;0;0;0;0;0;0;0;0;1;1;1
2879;6685,2;1;0;0;0;0;1;1;1;0;0;1;0
2881;6743,67;0;1;0;0;0;0;1;0;1;0;0;0
2885;6524,87;0;0;0;0;0;0;0;0;0;1;1;1
2886;7601,5;1;0;0;0;0;0;1;0;0;0;0;0
2887;6463,53;0;0;0;0;0;0;0;0;0;0;1;0
2889;8105,57;0;0;1;0;0;1;1;0;1;0;1;0
2891;6935,7;0;0;0;0;0;0;0;0;0;0;1;1
2892;8370,26;0;0;0;0;0;0;1;0;1;1;1;1
2895;8046,9;0;1;0;0;0;0;1;0;0;0;0;1
2898;8670,33;0;1;0;0;0;0;0;0;0;0;1;0
2899;7821,26;1;0;0;0;0;0;1;0;0;1;1;0
2900;9035,25;0;1;0;0;0;0;0;0;0;0;0;1
2902;7281,2;1;0;0;0;0;1;1;0;0;1;1;0
2904;7654,08;0;1;0;0;0;0;1;0;0;1;0;1
2905;8077,32;0;1;0;0;0;1;1;0;0;1;1;0
2909;7547,38;0;0;0;0;0;0;0;1;0;0;1;1
2910;7488,36;0;1;0;0;0;1;1;0;0;1;0;0
2912;6376,29;0;1;0;0;0;0;1;0;0;1;0;0
2913;7474,94;0;0;0;0;0;0;1;0;0;0;1;1
2914;7198,85;0;1;0;0;0;0;1;1;0;0;0;1
2915;6873,86;1;0;0;0;0;0;1;0;0;1;0;1
2918;7026,41;0;1;0;0;0;0;1;0;0;0;0;1
2919;9112,97;0;1;0;0;0;0;1;0;0;0;1;0
2920;7781,62;0;1;0;0;0;0;1;0;1;0;0;0
2921;9820,95;0;1;0;0;0;0;1;0;0;0;1;0
2924;6831,66;0;0;0;0;0;1;1;0;0;0;0;1
2927;6411,43;0;0;0;0;0;0;1;0;0;0;0;1
2928;8436,94;1;0;0;0;0;0;1;1;0;1;1;0
2929;7408,51;1;0;0;0;0;0;1;0;0;0;0;0
2934;7308,28;0;0;0;0;0;0;1;0;1;0;1;0
2935;7289,56;0;1;0;0;0;0;1;1;0;0;0;0
2936;9730,49;1;0;0;0;0;0;1;0;0;1;1;0
2937;9095,1;0;1;0;0;0;0;1;0;1;1;1;0
2938;6950,76;0;0;0;0;0;1;0;0;1;0;1;1
2939;7794,82;0;1;0;0;0;0;1;0;1;1;0;0
2941;10366,29;1;0;0;0;0;0;1;0;0;1;1;0
2942;7481,6;1;0;0;0;0;0;1;0;0;0;1;1
2943;8640,72;0;1;0;0;0;0;1;0;1;0;0;0
2945;7468,42;0;1;0;0;0;0;1;0;0;1;1;0
2950;7598,7;0;1;0;0;0;0;1;0;0;1;0;1
2951;7308,03;0;1;0;0;0;1;1;0;0;0;0;1
2952;6591,52;1;0;0;0;0;0;1;0;0;1;1;0
2954;6209,79;0;0;1;0;0;0;1;0;0;1;1;1
2955;6711,4;0;0;0;0;0;0;1;0;0;1;1;1
2960;8008,68;0;0;1;0;0;0;1;0;1;1;0;1
2961;7752,59;0;0;0;0;0;0;1;0;1;0;0;0
2962;6670,69;0;1;0;0;0;0;0;0;0;1;0;1
2963;7655,5;0;1;0;0;0;0;1;0;1;0;1;1
2964;7343,78;1;0;0;0;0;0;1;0;0;0;1;1
2966;7571,37;0;0;0;0;0;0;1;0;0;0;1;0
2968;7533,43;0;0;0;0;0;1;1;1;0;0;0;0
2973;7730,33;0;0;1;0;0;0;1;0;0;1;1;0
2976;8754,82;1;0;0;0;0;0;1;0;1;0;0;0
2979;7009,84;0;1;0;0;0;0;0;0;1;0;1;1
2981;10002,83;1;0;0;0;0;0;0;0;0;0;0;1
2982;7380,42;0;0;0;0;0;0;1;0;0;0;0;0
2985;6373,92;0;1;0;0;0;0;1;0;0;0;1;0
2986;8726,81;0;1;0;0;0;0;0;1;0;0;0;0
2993;7117,21;0;0;0;0;0;0;0;0;0;1;0;1
2997;8747,55;0;0;0;0;0;0;1;0;0;0;1;0
2998;8666,33;0;1;0;0;0;1;1;0;0;0;0;1
2999;6381,7;0;1;0;0;0;0;1;0;0;0;1;0
3000;7862,64;1;0;0;0;0;0;1;0;0;0;1;1
3001;8636,54;0;0;0;0;0;0;1;1;0;1;0;0
3002;7800,28;0;0;0;0;0;0;1;0;0;0;0;0
3003;7736,89;0;0;0;0;0;0;1;0;1;1;1;1
3005;6122,2;0;1;0;0;0;0;0;1;0;1;0;1
3006;9930,96;0;1;0;0;0;0;1;0;0;0;1;1
3007;9587;0;1;0;0;0;0;1;0;0;0;1;0
3009;8193,35;0;1;0;0;0;0;1;1;0;1;0;0
3011;6758,39;0;0;0;0;0;1;1;1;0;1;1;0
3013;8682,71;0;0;0;0;0;0;1;0;0;1;1;1
3014;8138,72;0;0;0;0;0;0;1;0;0;1;0;1
3015;7344,57;0;0;0;0;0;0;1;0;0;1;1;1
3020;6672,94;1;0;0;0;0;0;1;0;0;0;1;0
3024;6891,7;0;1;0;0;0;0;0;0;0;0;0;1
3028;6510,88;0;1;0;0;0;0;1;0;1;0;0;1
3030;8364,94;0;1;0;0;0;0;1;0;0;0;1;1
3031;6655,56;1;0;0;0;0;0;1;0;0;0;0;1
3032;8031,34;0;0;0;0;0;0;1;1;0;0;0;1
3035;7626,54;1;0;0;0;0;0;0;0;0;0;0;0
3036;6072,4;0;1;0;0;0;1;1;0;1;1;0;0
3037;9260,75;0;1;0;0;0;1;1;1;0;0;1;1
3038;6010,39;0;1;0;0;0;1;0;0;0;0;1;1
3042;7220,67;1;0;0;0;0;0;1;0;1;1;0;0
3044;9147,98;0;0;0;0;0;0;1;0;0;0;0;1
3045;9059,45;0;1;0;0;0;0;1;0;0;1;1;0
3050;7719,44;1;0;0;0;0;0;1;0;0;1;1;1
3051;9137,57;0;0;0;0;0;1;0;1;0;0;0;0
3052;9689,99;0;1;0;0;0;0;1;0;0;1;0;0
3053;7867,13;1;0;0;0;0;0;1;0;0;0;1;0
3054;7731,28;0;0;0;0;0;1;1;0;0;1;0;1
3055;8496,82;0;0;0;0;0;0;0;1;0;1;1;1
3058;7090,11;1;0;0;0;0;0;1;0;1;1;1;1
3059;7350,91;1;0;0;0;0;0;1;0;0;1;0;0
3063;8275,66;0;1;0;0;0;0;1;1;0;1;0;0
3064;7414,93;0;0;0;0;0;1;1;1;0;1;0;0
3070;7020,69;1;0;0;0;0;0;1;0;0;0;1;1
3072;6576,41;0;0;0;0;0;1;0;0;1;0;0;1
3075;7426,92;0;0;0;0;0;1;1;0;1;1;1;1
3077;9140,94;0;0;1;0;0;0;0;0;0;0;0;1
3078;6667,69;0;1;0;0;0;1;1;0;1;1;1;1
3079;5140,4;0;1;0;0;0;0;1;1;0;0;0;0
3081;6629,5;1;0;0;0;0;0;1;0;0;0;0;0
3082;7175,95;0;0;1;0;0;0;0;1;0;1;0;1
3083;8374,36;0;1;0;0;0;0;0;0;1;1;0;0
3084;7694,13;0;1;0;0;0;0;0;0;1;0;0;1
3085;8283,89;1;0;0;0;0;0;1;0;0;0;1;0
3086;6858,62;0;0;0;0;0;0;1;0;0;0;0;0
3087;8474,97;1;0;0;0;0;1;1;1;0;1;0;0
3088;6740,24;0;1;0;0;0;0;0;0;1;0;1;0
3089;6406,82;1;0;0;0;0;0;1;0;0;0;0;0
3093;9133,41;0;1;0;0;0;0;0;0;0;1;1;0
3096;7529,29;1;0;0;0;0;0;1;0;1;1;1;1
3097;7574,38;0;1;0;0;0;0;1;0;0;0;0;1
3099;8765,42;1;0;0;0;0;0;1;0;1;0;1;1
3108;7764,8;0;0;0;0;0;0;1;0;0;1;0;0
3109;7300,7;1;0;0;0;0;0;0;0;1;1;0;0
3110;8039,65;0;0;0;0;0;0;1;0;1;1;0;0
3113;10002,35;0;1;0;0;0;1;1;0;1;1;0;1
3115;6892,08;0;1;0;0;0;1;1;0;1;1;1;0
3118;6673,55;0;1;0;0;0;0;0;0;1;0;0;0
3120;7539,35;0;0;0;0;0;0;1;0;0;1;1;1
3121;7991,67;0;0;0;0;0;1;1;0;0;1;1;0
3124;6566,75;0;0;1;0;0;0;1;0;0;1;0;0
3125;8908,16;0;1;0;0;0;0;1;0;0;0;0;0
3126;7387,81;0;1;0;0;0;0;1;1;0;0;1;0
3128;7489,84;1;0;0;0;0;1;1;0;0;0;1;1
3129;8149,93;0;1;0;0;0;1;1;1;0;0;1;1
3131;8824,38;0;0;0;0;0;0;1;0;1;1;1;1
3134;7717,24;0;1;0;0;0;0;1;1;0;0;1;1
3136;9102,69;1;0;0;0;0;0;1;0;0;0;1;1
3137;8180,32;0;1;0;0;0;0;0;0;0;0;1;0
3139;7311,84;0;0;0;0;0;1;0;0;0;1;1;0
3143;6918,74;0;1;0;0;0;0;1;0;0;0;1;1
3144;6511,37;0;0;1;0;0;0;1;1;0;1;0;1
3145;6628,75;1;0;0;0;0;0;1;0;0;1;0;0
3153;7363,01;0;1;0;0;0;0;1;0;0;1;0;0
3155;7224,29;0;1;0;0;0;0;1;0;0;0;0;0
3156;6881,69;0;1;0;0;0;1;1;0;1;1;1;0
3157;7757,57;1;0;0;0;0;0;1;1;0;1;1;0
3158;8542,13;0;0;0;0;0;0;1;0;0;1;1;0
3159;8308,48;1;0;0;0;0;0;1;0;1;1;1;1
3162;7663,17;0;1;0;0;0;0;1;0;0;1;1;1
3165;6925,05;0;0;1;0;0;0;1;0;0;0;0;1
3170;7799,41;0;0;0;0;0;1;1;1;0;1;1;0
3171;7454,38;0;0;0;0;0;0;1;0;0;0;1;1
3172;7359,85;1;0;0;0;0;0;0;0;1;1;0;1
3173;7393,34;0;1;0;0;0;0;0;1;0;1;1;1
3174;7238,96;0;0;0;0;0;1;1;1;0;1;0;1
3175;8582,11;1;0;0;0;0;0;1;0;0;1;0;1
3176;7626,85;1;0;0;0;0;0;0;0;0;1;1;1
3180;6372,55;1;0;0;0;0;1;1;0;1;1;0;0
3183;7630,9;0;1;0;0;0;0;1;0;0;1;0;1
3185;8158,15;0;1;0;0;0;0;1;0;0;0;0;1
3187;7318,89;0;0;0;0;0;0;0;1;0;1;1;0
3188;7235,99;0;1;0;0;0;0;1;1;0;0;1;0
3189;7981,31;0;0;1;0;0;0;1;0;0;0;1;0
3191;8372,08;0;1;0;0;0;0;1;1;0;0;0;1
3193;7064,05;0;0;0;0;0;0;1;0;0;1;0;1
3195;7085,39;0;1;0;0;0;0;1;0;0;0;0;0
3196;8261,68;0;1;0;0;0;0;1;0;1;1;0;1
3200;8836,56;0;0;1;0;0;0;1;0;0;1;0;1
3201;8367,62;0;0;0;0;0;0;0;0;1;0;0;1
3202;9066,94;0;1;0;0;0;1;0;0;0;0;1;0
3203;7810,1;0;0;0;0;0;0;1;0;0;1;0;0
3205;7203,74;1;0;0;1;0;0;0;0;0;0;0;0
3207;7701,33;0;1;0;0;0;0;1;0;1;0;0;1
3208;6608,27;0;1;0;0;0;0;1;0;0;1;0;0
3209;7080,27;0;1;0;0;0;0;0;0;0;0;1;0
3212;7084,85;0;1;0;0;0;0;0;0;0;0;0;0
3213;8812,98;0;0;1;0;0;1;1;0;1;0;1;0
3214;8121,81;0;0;0;0;0;0;0;1;0;1;0;0
3217;6524,08;0;1;0;0;0;0;1;0;1;0;0;0
3221;7543,17;1;0;0;0;0;0;0;0;0;0;1;1
3226;8887,28;0;1;0;0;0;0;1;1;0;0;1;1
3228;8075,31;0;1;0;1;0;0;1;0;0;1;0;0
3232;7519,27;1;0;0;0;0;0;1;0;1;0;1;0
3233;7481,69;1;0;0;0;0;0;1;1;0;0;0;1
3235;6066,28;0;0;1;0;0;0;1;0;1;0;0;1
3238;8159,75;0;1;0;0;0;0;1;0;1;0;1;1
3239;7839,64;0;0;0;0;0;0;0;0;0;1;1;0
3241;8203,37;0;1;0;0;0;0;0;0;0;0;0;1
3242;9814,34;0;1;0;0;0;0;1;1;0;1;0;0
3243;7314,28;0;1;0;0;0;0;0;0;0;0;0;1
3244;7476,15;0;1;0;0;0;0;1;0;0;0;0;1
3245;6158,44;1;0;0;0;0;1;1;0;1;1;1;1
3246;6777,36;1;0;0;0;0;0;1;0;1;0;0;0
3247;8672,49;0;1;0;0;0;0;0;0;1;0;0;0
3248;7968,1;0;1;0;0;0;0;1;0;1;0;0;1
3249;7962,42;1;0;0;0;0;1;1;0;1;1;0;0
3251;7107,94;0;1;0;0;0;0;1;1;0;0;0;1
3260;8363,9;0;1;0;0;0;0;1;0;0;0;1;0
3262;7653,48;0;1;0;0;0;0;1;0;0;0;1;1
3263;8414,4;0;0;0;0;0;0;0;0;1;0;0;1
3265;6901,7;1;0;0;0;0;0;1;0;0;1;1;0
3266;9228,5;0;1;0;0;0;0;1;0;0;0;1;0
3267;7385,76;0;0;1;0;0;0;1;0;1;1;0;0
3268;6854,55;1;0;0;0;0;0;1;1;0;0;1;1
3271;6051,35;0;0;0;0;0;0;1;0;0;1;0;1
3274;8213,12;0;0;0;0;0;0;1;0;1;1;0;0
3276;5866,58;0;1;0;0;0;0;1;0;0;0;1;1
3277;9499,26;0;0;0;0;0;0;1;0;0;1;0;0
3279;7516,05;1;0;0;0;0;0;1;0;0;1;0;1
3281;8428,82;0;1;0;0;0;1;1;0;1;0;0;1
3282;8341,88;0;1;0;0;0;0;1;1;0;1;1;0
3286;7433,37;1;0;0;1;0;0;1;0;1;1;0;0
3287;8089,71;0;0;1;0;0;0;1;0;0;0;1;0
3291;8174,73;1;0;0;0;0;0;0;0;0;0;1;0
3293;8497,45;0;0;1;0;0;0;0;0;1;0;1;0
3294;8554,14;0;0;1;0;0;0;1;0;1;0;0;0
3297;8733,84;0;0;1;0;0;0;1;0;0;0;1;0
3299;8689,61;0;1;0;0;0;0;1;0;0;1;0;1
3301;8092,16;0;0;0;0;0;0;1;0;0;0;0;1
3305;9321,18;0;0;1;0;0;1;1;0;0;1;1;0
3313;9266,12;0;1;0;0;0;0;0;0;0;1;1;0
3314;7561,77;1;0;0;0;0;0;1;1;0;0;0;0
3315;8427,99;1;0;0;0;0;0;1;0;0;1;0;1
3321;7311,38;0;0;1;0;0;0;1;0;0;0;0;1
3323;7124,82;0;1;0;0;0;0;1;0;0;1;0;1
3326;6129,2;0;0;0;0;0;0;1;0;1;1;1;0
3333;7402,55;1;0;0;0;0;0;1;1;0;1;1;0
3336;8347;0;1;0;1;0;0;1;0;1;1;0;1
3337;7974,95;0;1;0;0;0;0;0;0;1;0;0;1
3346;7668,93;0;1;0;0;0;0;0;0;0;1;0;0
3347;7203,84;0;1;0;0;0;0;1;0;1;0;0;0
3348;8387,38;0;1;0;0;0;0;1;0;1;0;1;0
3352;8395,37;0;0;0;0;0;0;1;0;0;1;1;1
3354;7459,49;0;0;0;0;0;0;1;0;1;1;0;0
3356;8439,71;0;1;0;0;0;0;0;0;0;0;0;1
3361;8271,27;0;0;0;1;0;0;1;0;0;0;0;1
3365;9425,19;0;1;0;0;0;0;1;0;0;0;1;1
3367;6191,64;0;0;0;0;0;0;1;0;0;1;1;1
3370;7377,42;0;0;0;0;0;1;1;0;1;1;1;1
3372;7641,92;0;0;0;0;0;0;1;0;0;1;1;0
3374;7052,87;0;0;0;0;0;0;1;0;1;1;0;0
3375;7651,72;0;1;0;0;0;0;0;0;0;1;0;1
3376;8388,58;0;1;0;0;0;0;1;0;0;0;0;1
3378;8482,95;0;0;0;0;0;1;1;0;1;1;0;0
3380;7906,7;0;0;0;0;0;0;1;0;1;1;1;0
3381;7349,74;1;0;0;0;0;0;1;0;0;0;0;1
3383;7906,87;0;1;0;0;0;0;1;0;1;0;0;1
3385;7035;0;1;0;0;0;0;1;0;0;1;1;0
3386;6929,61;0;1;0;1;0;0;0;0;0;1;1;1
3388;6692,59;0;0;0;0;0;0;1;1;0;1;1;1
3389;7968,17;0;1;0;0;0;0;1;0;1;1;0;0
3390;6909,4;0;1;0;0;0;0;0;1;0;1;0;1
3393;6208,92;0;1;0;0;0;0;1;1;0;1;0;1
3395;7172,39;0;0;1;0;0;0;0;0;0;1;0;0
3396;8637,58;0;0;0;0;0;0;0;0;0;0;1;1
3398;5388,56;0;0;0;0;0;1;1;0;1;0;0;0
3399;6538,26;0;0;0;0;0;0;1;0;1;1;0;1
3405;6632,22;1;0;0;0;0;0;1;0;1;0;1;1
3407;9325,31;0;0;0;0;0;0;0;0;1;0;1;0
3408;6775,25;0;0;0;0;0;0;1;0;1;1;1;1
3409;8045,3;0;1;0;0;0;1;0;0;0;1;0;0
3410;7672,38;0;1;0;0;0;0;1;0;1;1;1;0
3413;8281,78;0;1;0;0;0;0;1;0;1;0;0;0
3416;6900,08;0;1;0;0;0;0;0;0;0;0;0;0
3417;6535,91;0;0;0;1;0;0;1;0;0;1;1;0
3423;7877,64;0;1;0;0;0;0;0;0;0;0;0;0
3424;9414,84;0;1;0;0;0;0;1;0;1;1;0;1
3427;6997,91;1;0;0;0;0;0;1;1;0;1;0;1
3428;7507;0;1;0;0;0;0;1;0;0;0;1;1
3429;7411,58;0;1;0;0;0;0;0;0;1;1;0;1
3430;6490,26;0;0;0;1;0;1;1;0;1;1;0;0
3431;9110,49;0;1;0;0;0;1;1;0;1;0;0;1
3432;7971,54;0;1;0;0;0;0;1;0;1;1;0;1
3437;7707,36;0;0;0;0;0;0;0;0;0;1;1;1
3438;7501,59;0;1;0;0;0;0;1;0;1;0;1;1
3443;8717,56;0;1;0;0;0;0;0;0;0;0;1;1
3445;9305,74;0;1;0;1;0;0;1;1;0;1;0;1
3446;8056,32;0;1;0;0;0;1;0;0;0;0;1;1
3447;8689,89;0;1;0;1;0;0;1;0;1;1;1;0
3448;7231,73;0;1;0;0;0;1;1;0;1;0;0;0
3449;9780,57;1;0;0;0;0;0;0;0;0;0;0;1
3450;7154,59;1;0;0;0;0;0;1;0;0;1;0;1
3451;6655,61;1;0;0;0;0;1;0;0;0;0;0;0
3453;8980,61;0;1;0;0;0;0;0;0;0;1;0;1
3456;7435,6;0;0;1;0;0;1;1;0;0;0;0;1
3459;8618,72;1;0;0;1;0;0;0;1;0;0;0;1
3460;7351,01;0;1;0;0;0;0;0;0;0;1;1;1
3462;8865,16;0;0;1;0;0;0;1;0;0;1;1;0
3464;6267,54;0;0;0;0;0;0;1;1;0;1;1;0
3468;7868,88;0;1;0;0;0;0;1;0;0;0;0;0
3470;8390,84;1;0;0;0;0;0;1;0;0;0;0;0
3472;7289,15;0;0;0;0;0;0;1;0;0;0;0;0
3473;7382,35;0;0;0;1;0;0;0;0;0;0;1;0
3480;8121,76;0;0;0;0;1;0;1;0;1;0;1;0
3482;9774,06;0;1;0;1;0;0;1;0;0;1;0;1
3484;9268,72;0;0;0;0;0;0;0;1;0;0;1;0
3485;6955,65;0;1;0;0;0;1;1;0;0;1;1;1
3488;6956,69;0;1;0;0;0;1;0;0;0;1;0;1
3490;7766,54;1;0;0;0;0;0;0;0;0;1;0;0
3491;7419,42;0;1;0;0;0;0;0;0;1;0;0;0
3493;7278,73;0;0;1;0;0;1;1;1;0;0;0;0
3494;8827,67;0;0;0;0;0;1;1;1;0;1;0;1
3495;9579,94;0;1;0;0;0;0;1;0;0;0;0;1
3496;7198,82;0;0;1;0;0;1;0;0;1;0;1;1
3499;8896,44;0;0;0;0;0;1;1;0;0;1;0;1
3500;8578,98;0;1;0;0;0;0;1;0;0;0;0;0
3504;9257,47;0;1;0;0;1;0;1;0;1;0;1;1
3505;9284,48;0;0;1;0;0;0;0;0;0;1;0;0
3508;7992,71;1;0;0;1;0;0;1;1;0;1;1;0
3509;7254,93;1;0;0;0;0;0;1;1;0;0;0;0
3511;8408,9;0;0;1;0;0;1;0;0;0;1;1;1
3513;8342,62;0;0;1;0;0;0;1;0;0;1;1;1
3514;9225,03;0;0;0;0;0;0;1;0;0;0;0;1
3515;8707,71;1;0;0;0;0;0;1;0;1;0;1;1
3517;7639,78;0;0;1;0;0;0;1;0;1;1;1;0
3520;7462,86;1;0;0;0;0;1;0;0;0;0;0;1
3521;7023,67;0;1;0;0;0;0;1;0;0;0;1;0
3524;10061,3;0;1;0;0;0;0;1;0;1;1;1;1
3527;9437,21;0;0;0;0;0;0;1;0;1;0;1;1
3528;8175,33;0;1;0;0;0;1;1;0;0;0;0;1
3531;8253,79;0;1;0;0;0;1;0;0;0;0;1;0
3534;7997,27;0;1;0;0;0;0;1;1;0;1;1;0
3535;7073,93;0;1;0;0;0;0;1;0;0;0;1;1
3538;7680,4;0;0;1;0;0;0;1;0;0;0;0;1
3540;6434,16;1;0;0;0;0;0;1;0;0;1;0;1
3541;7449,46;0;1;0;0;0;1;1;0;0;0;0;0
3542;8057,68;0;1;0;0;0;0;1;0;0;1;0;0
3545;8480,04;0;1;0;0;0;0;1;1;0;0;1;0
3546;8048,68;0;0;0;0;0;1;0;0;0;1;0;0
3547;6157,63;0;0;0;0;0;0;1;0;1;1;0;1
3548;7395,49;0;0;0;0;0;1;0;0;0;1;0;0
3550;8022,66;0;0;0;1;0;0;1;0;0;1;1;0
3551;8885,36;0;0;0;0;0;0;1;1;0;0;0;0
3552;7378,98;1;0;0;0;0;0;0;0;0;1;1;0
3553;8857,19;0;0;1;0;0;0;1;0;1;1;1;0
3557;7982,57;0;0;0;0;0;0;1;0;0;1;0;1
3558;7469,06;0;0;0;0;0;0;0;0;0;1;0;1
3559;6614,84;0;1;0;0;0;1;0;0;0;0;0;0
3560;6921,32;0;1;0;1;0;0;1;0;1;1;0;0
3562;8494,47;0;1;0;0;0;0;1;0;0;0;1;1
3563;8970,82;0;0;0;0;0;0;1;1;0;1;1;1
3564;7532,2;0;0;0;0;0;0;1;1;0;1;0;0
3566;7436,7;0;1;0;0;0;0;0;0;1;1;1;1
3569;7591,09;0;1;0;1;0;0;0;0;0;0;1;1
3571;6085,95;0;0;0;0;0;0;0;0;1;1;0;1
3573;8209,08;0;1;0;0;0;0;1;0;0;1;1;1
3575;6766,48;0;0;0;0;0;1;1;1;0;0;1;0
3577;8279,25;0;1;0;0;0;0;1;0;1;0;1;1
3578;7778,21;0;1;0;0;0;0;0;0;1;1;0;1
3579;6015,52;1;0;0;0;0;0;1;0;0;1;1;1
3585;7093,04;1;0;0;0;0;0;1;0;1;1;1;0
3588;5740,96;0;0;0;0;0;0;1;1;0;0;1;1
3589;7027,81;0;0;0;0;0;0;1;0;1;0;0;0
3596;7948,49;1;0;0;0;0;0;1;0;1;1;0;1
3599;8022,83;0;0;0;0;0;1;1;0;1;1;1;1
3600;6750,69;1;0;0;1;0;0;0;0;0;0;1;0
3602;7371,78;0;0;0;0;0;0;1;0;0;1;0;1
3603;8837,75;0;0;0;1;0;0;1;0;0;1;1;1
3608;8015,05;0;0;0;0;0;0;1;0;1;1;0;1
3611;8190,26;1;0;0;0;0;0;1;0;1;0;1;0
3614;9118,34;0;0;0;0;0;0;1;0;0;0;0;1
3615;7303,24;0;0;0;0;0;0;0;0;0;1;0;1
3616;8780,03;0;1;0;0;0;0;1;0;0;0;0;0
3617;7959,72;0;1;0;0;0;1;0;0;0;0;1;0
3618;7149,92;0;0;0;0;0;0;1;0;0;1;1;1
3619;7108,84;1;0;0;0;0;0;1;1;0;1;0;0
3622;7390,94;0;1;0;0;0;1;1;0;0;1;1;0
3623;9114,65;0;0;1;0;0;0;1;0;0;1;0;0
3630;7301,58;0;0;0;0;0;1;0;0;0;0;1;0
3632;8099,34;0;1;0;0;0;0;0;0;0;0;0;1
3633;9036,93;1;0;0;0;0;0;1;0;0;0;1;1
3635;8232,86;0;1;0;0;0;0;1;0;1;1;0;0
3636;7746,52;0;1;0;0;0;0;1;1;0;0;0;0
3639;7738,62;0;0;0;0;0;0;1;0;0;1;1;0
3641;7749,36;0;1;0;0;0;0;1;0;0;0;1;1
3642;9246,27;0;1;0;1;0;0;1;0;1;0;0;1
3643;9026,97;0;1;0;0;0;0;1;0;0;0;1;1
3644;5817,23;1;0;0;0;0;0;1;1;0;0;0;1
3646;7235,99;0;1;0;0;0;0;1;1;0;1;1;1
3647;7981,31;0;0;1;0;0;0;1;0;0;1;0;0
3649;8372,08;0;1;0;0;0;0;1;1;0;0;1;1
3650;7883,62;1;0;0;0;0;0;0;0;0;0;1;1
3652;9256,38;0;0;0;0;0;0;0;0;1;1;1;0
3654;8261,68;0;1;0;0;0;0;1;0;1;0;0;0
3655;7840,27;0;1;0;0;0;0;1;0;0;0;0;0
3657;7240,44;0;1;0;0;0;0;0;0;0;1;1;0
3659;8367,62;0;0;0;0;0;0;0;0;1;0;0;0
3661;7810,1;0;0;0;0;0;0;1;0;0;1;1;1
3664;8921,62;0;0;0;1;0;0;0;0;0;1;0;0
3666;6608,27;0;1;0;0;0;0;1;0;0;1;0;1
3667;7080,27;0;1;0;0;0;0;0;0;0;0;0;1
3668;7303,5;0;0;0;0;0;0;1;0;0;1;0;0
3671;8812,98;0;0;1;0;0;1;1;0;1;0;0;0
3675;6524,08;0;1;0;0;0;0;1;0;1;1;0;0
3677;8688,57;1;0;0;0;0;0;1;0;0;1;1;0
3678;7366,77;0;0;0;0;0;0;1;0;1;0;1;0
3679;7543,17;1;0;0;0;0;0;0;0;0;0;0;1
3680;7837,58;0;0;0;0;0;1;1;1;0;1;1;1
3683;8130,56;0;0;0;0;0;0;0;0;0;1;0;1
3686;8075,31;0;1;0;1;0;0;1;0;0;0;0;0
3687;8631,05;1;0;0;0;0;0;1;0;0;0;0;0
3688;7680,75;0;0;0;0;0;0;1;0;1;1;0;0
3690;7519,27;1;0;0;0;0;0;1;0;1;0;0;1
3691;7481,69;1;0;0;0;0;0;1;1;0;1;0;0
3695;7583,3;0;0;0;0;0;0;0;0;1;1;0;0
3698;6780,25;1;0;0;0;0;0;0;1;0;1;0;1
3700;9814,34;0;1;0;0;0;0;1;1;0;0;0;0
3703;6158,44;1;0;0;0;0;1;1;0;1;1;1;0
3704;6777,36;1;0;0;0;0;0;1;0;1;1;0;1
3706;7968,1;0;1;0;0;0;0;1;0;1;0;0;0
3707;7962,42;1;0;0;0;0;1;1;0;1;1;1;1
3708;8393,28;0;1;0;0;0;0;1;0;1;1;1;1
3710;6675,11;0;0;0;0;0;0;0;0;1;0;1;0
3711;8795,01;1;0;0;0;0;0;1;0;0;0;1;1
3712;7568,03;1;0;0;0;0;0;1;0;0;0;0;0
3715;7922,51;0;0;0;0;0;0;1;1;0;0;0;0
3716;7575,99;0;1;0;1;0;0;0;0;1;0;0;0
3718;8363,9;0;1;0;0;0;0;1;0;0;1;0;0
3721;8414,4;0;0;0;0;0;0;0;0;1;0;1;1
3723;6901,7;1;0;0;0;0;0;1;0;0;0;0;0
3725;7385,76;0;0;1;0;0;0;1;0;1;1;0;0
3726;6854,55;1;0;0;0;0;0;1;1;0;1;1;1
3729;6051,35;0;0;0;0;0;0;1;0;0;0;1;1
3732;8213,12;0;0;0;0;0;0;1;0;1;0;0;1
3738;9141,71;0;0;1;0;0;0;1;0;0;0;0;0
3739;8428,82;0;1;0;0;0;1;1;0;1;1;0;0
3748;6770,87;0;1;0;0;0;1;1;0;0;1;1;0
3749;8174,73;1;0;0;0;0;0;0;0;0;1;1;1
3750;8582,16;0;0;0;1;0;0;1;0;0;1;0;1
3752;8554,14;0;0;1;0;0;0;1;0;1;0;0;1
3754;9163,29;1;0;0;0;0;0;0;1;0;1;0;0
3756;8265,02;1;0;0;0;0;0;0;0;1;1;1;1
3757;8689,61;0;1;0;0;0;0;1;0;0;1;0;1
3759;8092,16;0;0;0;0;0;0;1;0;0;0;0;0
3760;6961,67;0;1;0;0;0;0;1;0;0;0;1;0
3762;7900,64;0;1;0;0;0;0;0;0;0;1;0;1
3764;6287,17;0;0;0;0;0;0;1;1;0;0;1;1
3766;8364,03;1;0;0;0;1;0;1;1;0;1;0;1
3767;7706,22;0;1;0;0;0;0;1;1;0;1;1;1
3769;8261,75;0;1;0;0;0;1;1;0;1;0;0;0
3770;8010,64;0;0;1;0;0;0;1;0;1;0;0;0
3771;9266,12;0;1;0;0;0;0;0;0;0;1;1;0
3775;8815,98;0;0;0;0;0;0;1;1;0;1;1;0
3776;7304,8;0;0;0;0;0;0;0;0;0;1;1;1
3778;7743,38;0;1;0;0;0;0;0;0;0;1;0;0
3779;7311,38;0;0;1;0;0;0;1;0;0;0;1;1
3782;7229,24;0;1;0;0;0;1;0;0;1;0;0;1
3785;6822,59;0;0;0;0;0;0;1;0;1;1;0;0
3786;6676,39;0;1;0;0;0;0;0;0;1;0;1;0
3787;6498,88;0;1;0;0;0;0;1;0;0;0;1;0
3789;6952,55;1;0;0;1;0;0;1;0;0;1;0;0
3793;7071,04;1;0;0;0;0;0;0;0;0;1;1;0
3796;8063,58;0;0;0;0;0;0;1;0;1;1;1;1
3797;7335,82;1;0;0;1;0;0;1;1;0;1;0;0
3798;6868,02;0;0;0;0;0;0;1;1;0;1;0;1
3799;6809,98;0;1;0;0;0;0;1;0;1;0;1;0
3800;7912,59;0;0;0;0;0;1;0;0;0;1;0;1
3803;7844,74;0;1;0;0;0;0;1;0;0;1;0;1
3806;8387,38;0;1;0;0;0;0;1;0;1;1;0;1
3807;9915,76;0;0;0;0;0;0;1;0;0;0;0;1
3808;7518,56;0;0;1;0;0;0;1;0;1;1;1;1
3811;8324,14;0;0;0;0;0;1;1;0;1;0;1;0
3819;8271,27;0;0;0;1;0;0;1;0;0;1;0;0
3821;7579,82;0;1;0;0;0;0;1;0;1;0;1;1
3826;9758,03;1;0;0;0;0;0;1;0;0;1;0;1
3828;7377,42;0;0;0;0;0;1;1;0;1;0;1;1
3829;9656,88;0;0;0;0;0;0;1;0;0;1;1;1
3831;9464,12;0;0;0;0;0;0;1;0;0;1;0;1
3832;7052,87;0;0;0;0;0;0;1;0;1;1;0;0
3833;7651,72;0;1;0;0;0;0;0;0;0;1;1;1
3834;8388,58;0;1;0;0;0;0;1;0;0;0;0;1
3836;8482,95;0;0;0;0;0;1;1;0;1;0;0;1
3837;7198,87;0;0;1;0;0;0;1;0;0;1;0;1
3838;7906,7;0;0;0;0;0;0;1;0;1;0;1;1
3841;7906,87;0;1;0;0;0;0;1;0;1;0;0;0
3843;7035;0;1;0;0;0;0;1;0;0;0;0;0
3846;6692,59;0;0;0;0;0;0;1;1;0;1;0;0
3849;6254,54;0;1;0;0;0;0;1;0;1;1;1;0
3851;6208,92;0;1;0;0;0;0;1;1;0;0;0;1
3853;7172,39;0;0;1;0;0;0;0;0;0;0;0;0
3854;8637,58;0;0;0;0;0;0;0;0;0;1;1;0
3855;6505,29;0;0;0;0;0;0;0;0;0;0;0;1
3857;6538,26;0;0;0;0;0;0;1;0;1;0;1;0
3859;7213,58;0;1;0;0;0;1;1;0;0;1;1;0
3860;9339,93;0;1;0;0;0;0;1;0;1;0;0;1
3861;7641,62;0;1;0;0;0;0;1;0;1;0;0;0
3862;9886,74;0;0;0;1;0;0;1;0;1;0;1;1
3864;9204,74;0;0;0;0;0;0;1;0;1;0;1;1
3866;6775,25;0;0;0;0;0;0;1;0;1;0;0;1
3867;8045,3;0;1;0;0;0;1;0;0;0;1;0;1
3869;9138,92;0;0;1;0;0;0;1;0;0;0;0;0
3871;8281,78;0;1;0;0;0;0;1;0;1;1;0;1
3875;6535,91;0;0;0;1;0;0;1;0;0;1;1;1
3876;7098,23;0;0;0;0;0;0;1;0;1;0;0;0
3880;7393,24;0;0;0;1;0;0;1;0;0;1;0;1
3883;7514,74;1;0;0;0;0;1;1;1;0;0;0;1
3889;9110,49;0;1;0;0;0;1;1;0;1;0;1;0
3890;7971,54;0;1;0;0;0;0;1;0;1;1;1;1
3893;7961,78;0;0;0;0;0;0;1;0;1;1;0;1
3897;8284,75;0;0;0;0;0;0;1;0;0;0;0;0
3899;6751,14;0;1;0;0;0;0;1;0;0;0;1;0
3901;8717,56;0;1;0;0;0;0;0;0;0;1;0;1
3902;6380,47;0;1;0;0;0;0;1;0;0;1;0;1
3904;8056,32;0;1;0;0;0;1;0;0;0;1;0;1
3907;9780,57;1;0;0;0;0;0;0;0;0;1;0;1
3909;6655,61;1;0;0;0;0;1;0;0;0;0;0;0
3911;8980,61;0;1;0;0;0;0;0;0;0;0;1;1
3913;8133,95;0;1;0;1;0;0;1;0;0;1;1;0
3917;8618,72;1;0;0;1;0;0;0;1;0;0;1;1
3918;7351,01;0;1;0;0;0;0;0;0;0;0;1;0
3919;8308,02;0;1;0;0;0;0;0;1;0;0;0;1
3923;7327,76;0;1;0;0;0;0;0;0;1;0;1;1
3924;7600,04;0;0;0;1;0;1;1;1;0;1;1;0
3927;8844,59;1;0;0;0;0;1;0;0;1;0;1;0
3928;8390,84;1;0;0;0;0;0;1;0;0;1;0;0
3929;8347,2;0;0;0;0;0;0;1;0;1;0;1;1
3930;7289,15;0;0;0;0;0;0;1;0;0;0;1;0
3934;7374,8;0;1;0;0;0;0;1;0;1;1;0;1
3936;8982,3;1;0;0;0;0;1;1;1;0;1;1;1
3937;7689,35;0;1;0;0;0;0;1;0;0;1;1;1
3938;8121,76;0;0;0;0;1;0;1;0;1;0;1;0
3939;8264,02;0;0;0;0;0;0;1;0;1;1;0;1
3940;9774,06;0;1;0;1;0;0;1;0;0;0;1;0
3941;7249,3;0;0;1;0;0;0;1;1;0;1;1;1
3945;8993,6;0;1;0;0;0;0;0;1;0;0;0;1
3946;6956,69;0;1;0;0;0;1;0;0;0;1;0;0
3947;7842,08;0;1;0;0;0;0;1;0;0;0;1;0
3948;7766,54;1;0;0;0;0;0;0;0;0;1;0;0
3949;7419,42;0;1;0;0;0;0;0;0;1;1;0;1
3950;7365,49;0;1;0;0;0;0;1;0;1;1;1;0
3953;9579,94;0;1;0;0;0;0;1;0;0;1;0;1
3955;5965,16;0;1;0;0;0;0;1;0;0;0;0;1
3956;7041,87;0;0;0;1;0;0;1;0;0;1;1;0
3957;8896,44;0;0;0;0;0;1;1;0;0;0;1;0
3959;8657,98;1;0;0;0;0;0;0;0;0;0;1;0
3961;7920,92;0;1;0;0;0;1;1;0;0;1;1;0
3963;9284,48;0;0;1;0;0;0;0;0;0;1;1;0
3965;5594,09;0;1;0;0;0;0;1;1;0;1;0;1
3968;8784,71;0;0;0;0;0;0;0;0;1;1;0;0
3969;8408,9;0;0;1;0;0;1;0;0;0;1;1;1
3970;7043,06;0;1;0;0;0;1;0;0;1;0;0;1
3972;9225,03;0;0;0;0;0;0;1;0;0;0;0;0
3974;6819,47;1;0;0;0;0;0;1;0;0;1;0;1
3979;7023,67;0;1;0;0;0;0;1;0;0;1;1;1
3980;8573,18;0;1;0;0;0;0;0;0;0;0;0;0
3981;7058,82;0;1;0;0;0;1;0;0;1;1;1;1
3982;10061,3;0;1;0;0;0;0;1;0;1;1;1;1
3983;6711,55;0;1;0;0;0;0;0;0;0;1;1;1
3985;9437,21;0;0;0;0;0;0;1;0;1;1;1;0
3986;8175,33;0;1;0;0;0;1;1;0;0;1;0;0
3987;6367,63;1;0;0;0;0;0;1;1;0;0;1;1
3988;7703,77;1;0;0;0;0;0;1;0;1;1;0;1
3989;8253,79;0;1;0;0;0;1;0;0;0;0;1;0
3992;7997,27;0;1;0;0;0;0;1;1;0;1;0;1
3994;8530,39;0;1;0;0;0;0;1;0;0;1;1;0
3995;6571,9;0;1;0;0;0;0;0;1;0;0;1;1
3996;7680,4;0;0;1;0;0;0;1;0;0;0;0;1
3998;6434,16;1;0;0;0;0;0;1;0;0;1;0;0
4004;8048,68;0;0;0;0;0;1;0;0;0;1;0;1
4005;6157,63;0;0;0;0;0;0;1;0;1;1;1;1
4007;5366,67;0;1;0;0;0;0;0;0;1;1;1;1
4008;8022,66;0;0;0;1;0;0;1;0;0;0;1;1
4009;8885,36;0;0;0;0;0;0;1;1;0;0;1;1
4010;7378,98;1;0;0;0;0;0;0;0;0;0;1;0
4012;9519,36;0;1;0;0;0;0;1;1;0;0;1;1
4013;6857,75;1;0;0;0;0;0;1;0;1;0;0;1
4014;8767,11;0;0;0;0;0;0;1;0;1;1;1;1
4015;7982,57;0;0;0;0;0;0;1;0;0;1;0;1
4017;6614,84;0;1;0;0;0;1;0;0;0;1;1;0
4018;6921,32;0;1;0;1;0;0;1;0;1;0;1;1
4020;8494,47;0;1;0;0;0;0;1;0;0;1;1;1
4021;8970,82;0;0;0;0;0;0;1;1;0;0;0;1
4024;7436,7;0;1;0;0;0;0;0;0;1;1;1;1
4026;6461,12;1;0;0;0;0;0;1;0;1;0;1;0
4027;7591,09;0;1;0;1;0;0;0;0;0;1;0;0
4028;5803,66;0;0;0;0;0;0;1;0;0;1;1;1
4030;8614,66;0;1;0;0;0;0;1;0;0;1;0;0
4035;8279,25;0;1;0;0;0;0;1;0;1;0;1;0
4040;7218,71;0;1;0;0;0;0;0;1;0;0;0;1
4041;8907,22;0;0;0;0;0;1;0;0;0;0;1;0
4047;7027,81;0;0;0;0;0;0;1;0;1;0;0;1
4052;7878,96;0;0;0;0;0;1;1;0;0;1;1;1
4058;6750,69;1;0;0;1;0;0;0;0;0;0;1;0
4060;7371,78;0;0;0;0;0;0;1;0;0;1;1;1
4061;8837,75;0;0;0;1;0;0;1;0;0;0;1;0
4063;8533,61;0;1;0;0;0;0;1;0;0;1;1;1
4065;7104,53;1;0;0;1;0;0;1;0;1;0;1;1
4066;8015,05;0;0;0;0;0;0;1;0;1;0;0;1
4067;8657,82;0;1;0;0;0;0;1;0;0;0;1;1
4068;6928,5;0;1;0;0;0;0;0;0;0;1;1;1
4069;8190,26;1;0;0;0;0;0;1;0;1;1;0;1
4070;6446,27;1;0;0;0;0;0;0;0;0;1;1;1
4071;8383,62;0;0;0;0;0;0;1;0;0;0;1;0
4072;9118,34;0;0;0;0;0;0;1;0;0;0;1;0
4075;7959,72;0;1;0;0;0;1;0;0;0;0;0;0
4084;6983,74;0;0;1;1;0;0;1;0;1;1;1;1
4091;9036,93;1;0;0;0;0;0;1;0;0;0;1;1
4092;5879,98;1;0;0;0;0;1;0;1;0;0;0;1
4093;8232,86;0;1;0;0;0;0;1;0;1;0;0;1
4094;7746,52;0;1;0;0;0;0;1;1;0;1;0;0
4097;7738,62;0;0;0;0;0;0;1;0;0;0;0;0
4100;9246,27;0;1;0;1;0;0;1;0;1;1;1;0
4103;7545,44;0;1;0;0;0;0;1;0;1;1;1;1
4105;7548,93;0;1;0;0;0;0;1;0;1;1;0;0
4109;8845,76;1;0;0;0;0;0;0;0;0;1;1;1
4112;9308,06;1;0;0;0;0;0;0;0;1;0;1;1
4113;7293,86;0;0;0;0;0;0;1;1;0;0;1;0
4114;8913,6;0;0;0;0;0;0;1;0;0;1;1;0
4116;6926,45;0;0;0;0;0;0;1;0;0;1;0;1
4118;6308,99;0;1;0;0;0;0;1;0;0;0;1;1
4119;8832,87;0;1;0;0;0;0;0;0;0;1;0;1
4125;7885,13;0;1;0;0;0;0;0;0;0;1;1;0
4126;7952,08;1;0;0;1;0;0;1;0;1;0;1;1
4127;8303,54;0;1;0;0;0;1;0;0;1;0;1;1
4130;6140,11;0;1;0;0;0;0;1;0;0;0;0;0
4133;7863,25;0;0;1;0;0;0;1;0;1;1;1;0
4134;7176,23;0;1;0;1;0;0;0;0;1;1;0;1
4135;7984,19;0;0;0;0;0;0;1;0;1;1;1;1
4136;6900,02;1;0;0;0;0;0;1;0;0;0;0;0
4138;7691,55;0;1;0;0;0;0;1;0;0;1;1;0
4139;9892,38;1;0;0;0;0;1;1;0;0;0;0;1
4140;7756,86;0;0;1;1;0;0;1;0;0;0;0;0
4141;8072,66;0;1;0;0;0;0;1;0;1;0;0;1
4142;7542,52;0;1;0;0;0;0;1;1;0;1;0;1
4143;7591,86;0;1;0;0;0;0;1;0;0;0;1;1
4144;7394,53;0;1;0;0;0;0;1;1;0;1;0;0
4150;9426,24;0;0;0;0;0;1;1;0;1;1;0;0
4151;8017,33;0;0;1;0;0;0;0;0;0;0;0;1
4152;8913,87;0;1;0;0;0;0;1;0;0;1;0;1
4155;7501,85;0;0;1;0;0;0;1;0;0;1;1;0
4158;7579,6;1;0;0;0;0;0;1;0;0;1;0;0
4159;7276,01;0;1;0;0;0;0;1;0;0;1;1;0
4162;8046,94;0;0;0;0;0;0;1;1;0;1;1;0
4165;7220,71;1;0;0;0;0;0;0;0;0;1;0;1
4166;7014,12;0;1;0;0;0;0;0;0;1;1;1;1
4171;9204,56;0;0;0;1;0;0;1;1;0;1;1;1
4173;6148,33;0;1;0;0;0;0;1;0;0;1;0;1
4174;7577,7;0;1;0;0;0;0;1;1;0;0;1;0
4175;6459,7;0;0;1;0;0;0;1;0;0;0;0;0
4178;6554,43;0;0;1;0;0;0;1;0;0;0;1;0
4179;6267,51;0;1;0;0;0;0;0;1;0;1;1;0
4183;9448,38;0;0;0;0;0;0;1;0;0;0;0;1
4188;7059,32;0;0;1;0;0;0;0;0;0;1;1;1
4189;7030,12;0;1;0;0;0;0;1;1;0;0;0;0
4190;10043,3;0;0;1;0;0;0;1;1;0;1;0;1
4192;7120,31;0;1;0;0;0;0;0;1;0;0;0;1
4194;6512,06;1;0;0;0;0;0;0;0;0;1;1;0
4197;7478,21;0;1;0;1;0;0;1;0;1;1;0;1
4198;9070,41;0;0;0;0;0;1;1;0;0;0;0;1
4202;7768,28;0;0;0;0;0;0;1;0;1;0;1;0
4203;7755,12;1;0;0;0;0;0;0;0;0;1;1;0
4205;8384,62;0;1;0;0;0;0;1;0;1;0;1;0
4208;9213;0;0;1;0;0;0;1;0;1;0;0;0
4209;8463,14;0;0;1;0;0;0;1;0;0;0;1;0
4211;9773,54;0;0;0;0;0;0;1;1;0;0;1;0
4212;8158,96;0;1;0;0;0;0;1;0;0;1;0;1
4214;7913,32;0;1;0;0;0;0;0;1;0;1;0;0
4216;8759,22;1;0;0;1;0;0;1;0;0;1;1;1
4217;7435,69;0;0;1;0;0;0;0;0;0;1;1;0
4218;8119,84;0;1;0;0;0;0;1;1;0;1;1;0
4220;8074,97;0;1;0;0;0;1;0;0;0;0;0;1
4221;7987,65;1;0;0;0;0;0;0;0;0;1;1;0
4222;6206,62;0;1;0;0;0;0;1;0;0;1;0;0
4223;7442,91;1;0;0;0;0;0;1;0;0;0;1;0
4224;5382,46;0;0;0;0;0;0;1;0;0;0;0;0
4226;5938,37;1;0;0;0;0;1;1;0;1;1;0;1
4227;8528,44;0;0;0;0;0;0;0;1;0;0;1;1
4228;7534,75;1;0;0;0;0;0;1;0;0;1;0;0
4229;7417,47;0;0;0;0;0;0;0;0;1;1;0;0
4232;6847,29;1;0;0;0;0;1;1;1;0;1;0;1
4233;8166,42;0;1;0;1;0;0;0;0;0;0;0;1
4236;8080,88;0;0;0;1;0;0;1;0;0;1;1;0
4237;6810,88;0;0;0;0;0;0;1;0;0;0;1;0
4239;6968,89;0;0;0;0;0;1;0;0;0;0;1;0
4240;8079,24;0;0;0;0;0;0;1;0;0;1;1;0
4243;7498,04;1;0;0;1;0;0;1;0;0;1;1;0
4246;6449,26;1;0;0;0;0;0;0;0;0;1;1;1
4247;8110,97;1;0;0;0;0;0;1;0;0;1;1;0
4248;8074,15;0;1;0;0;0;0;1;1;0;1;0;1
4249;6685,2;1;0;0;0;0;1;1;1;0;0;0;1
4250;8699,08;0;0;0;0;0;1;1;0;1;0;1;1
4252;7724,6;0;0;1;1;0;0;1;0;1;0;0;1
4254;8427,98;0;0;0;0;0;0;1;0;0;0;1;1
4260;8257,77;0;1;0;0;0;0;0;0;0;0;0;0
4261;6935,7;0;0;0;0;0;0;0;0;0;1;1;0
4263;6864,74;0;1;0;0;0;0;1;0;0;1;1;0
4264;7996,72;0;0;1;0;0;1;1;0;1;1;1;1
4270;9035,25;0;1;0;0;0;0;0;0;0;1;1;0
4274;7654,08;0;1;0;0;0;0;1;0;0;0;0;0
4275;8077,32;0;1;0;0;0;1;1;0;0;0;1;1
4278;7686,8;0;1;0;0;0;0;1;0;1;1;1;0
4281;6332,79;0;0;0;0;0;0;1;1;0;0;1;0
4284;7198,85;0;1;0;0;0;0;1;1;0;0;0;1
4289;9112,97;0;1;0;0;0;0;1;0;0;0;1;1
4290;7781,62;0;1;0;0;0;0;1;0;1;1;0;0
4293;8710,62;1;0;0;0;0;0;1;0;1;1;1;1
4295;8007,8;0;0;0;0;0;1;0;0;1;0;1;0
4296;9409,22;0;1;0;1;0;0;1;1;0;1;0;1
4297;6411,43;0;0;0;0;0;0;1;0;0;1;1;1
4298;8436,94;1;0;0;0;0;0;1;1;0;0;1;1
4299;7408,51;1;0;0;0;0;0;1;0;0;1;1;0
4303;9442,04;0;1;0;0;0;0;1;0;0;0;1;0
4304;7308,28;0;0;0;0;0;0;1;0;1;1;0;1
4305;7289,56;0;1;0;0;0;0;1;1;0;1;0;1
4306;9730,49;1;0;0;0;0;0;1;0;0;1;0;1
4307;9095,1;0;1;0;0;0;0;1;0;1;1;0;1
4308;6950,76;0;0;0;0;0;1;0;0;1;1;1;1
4309;7794,82;0;1;0;0;0;0;1;0;1;1;1;0
4313;8640,72;0;1;0;0;0;0;1;0;1;1;1;0
4314;6634,48;0;1;0;0;0;0;0;0;0;0;0;1
4315;7468,42;0;1;0;0;0;0;1;0;0;1;0;1
4316;7472,91;0;1;0;0;0;0;1;0;0;0;0;0
4317;8052,86;0;0;1;0;0;1;0;0;0;1;0;0
4319;7382,6;0;1;0;0;0;0;1;0;1;0;0;0
4321;7308,03;0;1;0;0;0;1;1;0;0;1;1;1
4322;6591,52;1;0;0;0;0;0;1;0;0;0;0;1
4324;6209,79;0;0;1;0;0;0;1;0;0;0;1;0
4326;7448,69;0;1;0;0;0;0;1;0;1;1;0;1
4327;9096,29;0;0;0;0;0;1;1;0;0;0;0;0
4329;7787,16;0;1;0;0;0;0;1;0;1;0;0;1
4330;8008,68;0;0;1;0;0;0;1;0;1;0;1;0
4331;7752,59;0;0;0;0;0;0;1;0;1;1;0;0
4332;6670,69;0;1;0;0;0;0;0;0;0;0;1;1
4336;7571,37;0;0;0;0;0;0;1;0;0;1;1;1
4338;7533,43;0;0;0;0;0;1;1;1;0;1;0;0
4339;7994,3;0;0;1;0;0;1;1;0;1;0;0;1
4340;8562,79;0;0;1;0;0;0;1;0;0;1;1;1
4341;6463,08;0;1;0;0;0;1;0;0;0;1;1;1
4344;7894,91;0;0;0;0;0;0;1;0;1;1;1;0
4347;7426,44;0;0;0;0;0;0;0;0;1;0;0;1
4348;6495,43;1;0;0;0;0;0;0;1;0;0;0;0
4352;7380,42;0;0;0;0;0;0;1;0;0;1;0;1
4353;6548,73;0;1;0;0;0;0;1;0;1;1;0;0
4354;8512,64;1;0;0;0;0;0;1;1;0;1;0;0
4359;9248,26;0;0;0;0;0;0;0;0;1;0;1;1
4360;7833,55;0;1;0;0;0;0;1;1;0;0;0;0
4362;8228,87;1;0;0;0;0;0;1;1;0;0;1;0
4363;7117,21;0;0;0;0;0;0;0;0;0;0;0;0
4364;8142,18;1;0;0;0;0;0;1;1;0;1;1;0
4365;8979,07;0;0;0;0;1;0;0;0;1;1;1;0
4368;8666,33;0;1;0;0;0;1;1;0;0;1;1;1
4369;6381,7;0;1;0;0;0;0;1;0;0;1;0;0
4370;7862,64;1;0;0;0;0;0;1;0;0;1;1;1
4371;8636,54;0;0;0;0;0;0;1;1;0;1;0;0
4375;6122,2;0;1;0;0;0;0;0;1;0;0;0;0
4377;9587;0;1;0;0;0;0;1;0;0;0;0;1
4380;8122,77;0;1;0;0;0;0;1;0;0;0;0;0
4382;9469,9;1;0;0;0;0;0;1;0;0;0;0;0
4383;8682,71;0;0;0;0;0;0;1;0;0;0;1;1
4384;8138,72;0;0;0;0;0;0;1;0;0;0;0;0
4390;6672,94;1;0;0;0;0;0;1;0;0;0;1;1
4392;7039,59;0;0;1;0;0;0;0;0;0;1;1;0
4393;6038,36;0;1;0;0;0;0;0;0;0;0;0;1
4394;6891,7;0;1;0;0;0;0;0;0;0;1;0;0
4395;9121,01;0;1;0;0;0;0;1;0;1;0;1;1
4396;7042,12;0;0;0;0;0;0;1;0;0;1;1;1
4399;7689,05;1;0;0;0;0;0;1;0;1;0;0;0
4401;6655,56;1;0;0;0;0;0;1;0;0;1;1;0
4404;8896,73;0;1;0;0;0;0;1;0;1;1;0;0
4405;7626,54;1;0;0;0;0;0;0;0;0;0;0;0
4408;6010,39;0;1;0;0;0;1;0;0;0;0;1;1
4409;6738,36;0;0;0;0;0;0;1;0;0;1;0;1
4410;6332,87;1;0;0;0;0;0;1;0;0;1;1;0
4413;9068,19;0;0;0;0;0;0;1;1;0;1;1;0
4414;9147,98;0;0;0;0;0;0;1;0;0;1;1;1
4417;6942,88;0;0;0;0;0;1;1;0;1;0;0;0
4418;6974,44;0;0;1;0;0;0;0;0;0;1;1;0
4420;7719,44;1;0;0;0;0;0;1;0;0;0;1;0
4422;9689,99;0;1;0;0;0;0;1;0;0;0;1;1
4423;7867,13;1;0;0;0;0;0;1;0;0;0;1;0
4425;8496,82;0;0;0;0;0;0;0;1;0;0;1;0
4426;9234,12;0;0;0;0;0;0;1;1;0;1;1;0
4428;7090,11;1;0;0;0;0;0;1;0;1;0;0;1
4433;8275,66;0;1;0;0;0;0;1;1;0;0;1;0
4434;7414,93;0;0;0;0;0;1;1;1;0;1;1;1
4435;7034,29;0;1;0;0;0;0;1;0;1;1;0;1
4436;9202,67;0;1;0;0;0;0;0;0;1;0;1;1
4438;8596,86;0;1;0;0;0;0;1;0;0;1;1;0
4442;6576,41;0;0;0;0;0;1;0;0;1;0;0;0
4443;7865,84;0;1;0;0;0;0;0;0;1;1;0;1
4445;7426,92;0;0;0;0;0;1;1;0;1;1;0;0
4446;7620,56;0;1;0;0;0;1;1;0;1;0;0;0
4449;5140,4;0;1;0;0;0;0;1;1;0;0;0;1
4450;6705,34;0;0;0;0;0;0;0;0;0;0;1;1
4452;7175,95;0;0;1;0;0;0;0;1;0;1;0;0
4458;6740,24;0;1;0;0;0;0;0;0;1;0;1;1
4459;6406,82;1;0;0;0;0;0;1;0;0;0;0;0
4463;9133,41;0;1;0;0;0;0;0;0;0;1;0;1
4464;6068,85;0;1;0;0;0;0;1;1;0;1;1;0
4465;7218,78;1;0;0;0;0;1;0;0;1;0;1;1
4466;7529,29;1;0;0;0;0;0;1;0;1;0;0;0
4467;7574,38;0;1;0;0;0;0;1;0;0;0;1;1
4468;8078,66;1;0;0;0;0;0;0;0;0;1;1;0
4469;8765,42;1;0;0;0;0;0;1;0;1;1;0;0
4473;7261,45;0;0;0;0;0;0;1;0;0;0;1;0
4476;6912,85;1;0;0;0;0;0;0;0;0;0;0;1
4477;7751,41;0;1;0;0;0;0;1;1;0;0;0;1
4480;8039,65;0;0;0;0;0;0;1;0;1;0;0;1
4481;9489,24;0;1;0;1;0;0;1;0;0;0;1;1
4482;8200,96;0;1;0;0;0;0;0;0;0;1;1;1
4484;9984,75;0;0;0;0;0;0;1;0;0;1;0;0
4486;7850,26;0;1;0;1;0;0;1;0;0;1;0;0
4487;7256;1;0;0;0;0;0;0;1;0;0;1;0
4489;9654,69;0;1;0;0;0;0;0;0;0;1;1;0
4491;7991,67;0;0;0;0;0;1;1;0;0;0;0;0
4498;7489,84;1;0;0;0;0;1;1;0;0;1;0;0
4500;8256,18;1;0;0;0;0;1;1;0;1;0;0;1
4502;9112,74;0;0;0;0;0;0;0;0;0;1;0;1
4503;8220,42;0;0;0;0;0;0;1;0;0;0;0;0
4506;9102,69;1;0;0;0;0;0;1;0;0;1;1;0
4508;9033;1;0;0;0;0;0;1;0;0;0;0;1
4509;7311,84;0;0;0;0;0;1;0;0;0;0;0;1
4510;7994,1;0;0;0;0;0;0;1;0;1;1;0;0
4514;6511,37;0;0;1;0;0;0;1;1;0;0;1;1
4515;6628,75;1;0;0;0;0;0;1;0;0;0;0;0
4520;7989,68;0;0;0;0;0;0;1;0;1;0;1;0
4521;8311,74;0;0;0;0;0;0;0;0;1;1;1;1
4522;7440,64;1;0;0;0;0;0;1;1;0;1;1;0
4524;7425,04;0;1;0;0;0;0;1;0;1;1;0;1
4529;8308,48;1;0;0;0;0;0;1;0;1;1;1;0
4530;7272,46;0;1;0;0;0;0;1;0;0;0;0;0
4532;7663,17;0;1;0;0;0;0;1;0;0;0;0;1
4540;7799,41;0;0;0;0;0;1;1;1;0;1;1;1
4542;7359,85;1;0;0;0;0;0;0;0;1;0;1;0
4544;7238,96;0;0;0;0;0;1;1;1;0;0;1;1
4545;8582,11;1;0;0;0;0;0;1;0;0;1;0;1
4547;7546,78;0;1;0;0;0;0;0;0;0;1;1;0
4549;7723,25;0;0;1;0;0;0;0;1;0;1;1;0
4550;6372,55;1;0;0;0;0;1;1;0;1;1;0;1
4551;9740,91;0;1;0;1;0;0;1;0;1;0;1;0
4552;9375,21;0;1;0;0;0;0;0;0;0;0;1;1
4555;8158,15;0;1;0;0;0;0;1;0;0;1;1;1
4558;7013;0;0;0;0;0;0;1;0;0;0;0;1
4559;7548,93;0;1;0;0;0;0;1;0;1;0;1;1
4560;9387,23;0;0;0;0;0;1;0;0;0;1;0;1
4562;6788,69;0;0;0;0;0;0;1;0;1;1;1;1
4564;7281,07;0;0;1;0;0;0;1;0;1;0;0;1
4565;7917,95;0;0;0;0;0;1;1;0;0;0;1;0
4568;8913,6;0;0;0;0;0;0;1;0;0;1;1;1
4570;6926,45;0;0;0;0;0;0;1;0;0;0;0;0
4571;8956,62;0;1;0;0;0;0;1;0;1;1;0;0
4572;6308,99;0;1;0;0;0;0;1;0;0;1;0;0
4573;8832,87;0;1;0;0;0;0;0;0;0;1;0;0
4574;7413,15;0;1;0;1;0;0;1;0;1;0;1;1
4577;7053,08;0;1;0;0;0;0;0;0;0;0;0;0
4579;7885,13;0;1;0;0;0;0;0;0;0;0;0;0
4580;7952,08;1;0;0;1;0;0;1;0;1;0;1;1
4581;8303,54;0;1;0;0;0;1;0;0;1;1;1;0
4582;7332,75;0;1;0;0;0;0;1;1;0;1;0;0
4583;9022,8;0;1;0;0;0;0;1;1;0;1;1;1
4584;6140,11;0;1;0;0;0;0;1;0;0;0;1;0
4585;7982,61;0;1;0;0;0;0;1;0;0;0;1;0
4588;7176,23;0;1;0;1;0;0;0;0;1;0;1;0
4589;7984,19;0;0;0;0;0;0;1;0;1;0;1;0
4593;9892,38;1;0;0;0;0;1;1;0;0;1;0;1
4595;8072,66;0;1;0;0;0;0;1;0;1;1;0;1
4596;7542,52;0;1;0;0;0;0;1;1;0;0;1;0
4604;9426,24;0;0;0;0;0;1;1;0;1;0;0;0
4605;8017,33;0;0;1;0;0;0;0;0;0;0;1;0
4606;8913,87;0;1;0;0;0;0;1;0;0;1;1;0
4607;7601,53;1;0;0;0;0;0;0;1;0;0;0;1
4608;7343,19;0;1;0;0;0;0;1;0;0;1;0;0
4609;7501,85;0;0;1;0;0;0;1;0;0;1;1;1
4612;7579,6;1;0;0;0;0;0;1;0;0;1;1;0
4613;7276,01;0;1;0;0;0;0;1;0;0;0;1;1
4616;8046,94;0;0;0;0;0;0;1;1;0;0;0;1
4621;6784,27;1;0;0;0;0;0;1;0;0;0;0;0
4625;9204,56;0;0;0;1;0;0;1;1;0;1;1;1
4627;6148,33;0;1;0;0;0;0;1;0;0;0;0;1
4628;7577,7;0;1;0;0;0;0;1;1;0;0;0;1
4629;6459,7;0;0;1;0;0;0;1;0;0;1;0;1
4630;7501,91;1;0;0;0;0;0;1;1;0;1;1;0
4631;9256,89;0;1;0;0;0;1;0;0;1;1;1;0
4633;6267,51;0;1;0;0;0;0;0;1;0;0;1;1
4634;9030,64;0;0;1;0;0;0;1;1;0;0;1;1
4635;5657,47;0;0;0;0;0;0;1;0;0;1;1;0
4636;7179,21;0;0;0;0;0;0;0;0;0;1;1;1
4638;6637,51;0;0;1;0;0;0;1;0;0;1;1;0
4639;7454,11;1;0;0;0;0;0;1;1;0;1;0;1
4643;7030,12;0;1;0;0;0;0;1;1;0;1;1;0
4644;10043,3;0;0;1;0;0;0;1;1;0;1;1;0
4645;7468,9;0;0;0;0;0;0;0;0;0;0;0;0
4646;7120,31;0;1;0;0;0;0;0;1;0;0;0;0
4647;6913,06;0;0;0;0;0;0;1;1;0;1;0;1
4650;6833,97;0;1;0;0;0;1;1;0;1;0;0;1
4652;9070,41;0;0;0;0;0;1;1;0;0;1;0;0
4654;7383,87;1;0;0;0;0;1;1;0;0;1;0;0
4655;9083,72;0;0;0;0;0;0;0;0;1;0;1;1
4656;7768,28;0;0;0;0;0;0;1;0;1;1;1;0
4657;7755,12;1;0;0;0;0;0;0;0;0;1;1;0
4658;8331,05;0;0;0;0;0;0;1;0;0;0;1;1
4659;8384,62;0;1;0;0;0;0;1;0;1;1;1;0
4661;8041,31;0;0;1;0;0;1;1;0;0;1;0;0
4662;9213;0;0;1;0;0;0;1;0;1;0;0;1
4663;8463,14;0;0;1;0;0;0;1;0;0;0;0;0
4664;9229,77;0;0;0;0;0;1;1;0;0;1;0;0
4665;9773,54;0;0;0;0;0;0;1;1;0;0;0;0
4667;6084,28;0;0;0;0;0;0;1;0;1;0;0;0
4668;7913,32;0;1;0;0;0;0;0;1;0;1;1;0
4671;7435,69;0;0;1;0;0;0;0;0;0;1;1;0
4673;7724,02;0;0;1;0;0;0;1;0;0;0;0;0
4674;8074,97;0;1;0;0;0;1;0;0;0;1;0;0
4677;7442,91;1;0;0;0;0;0;1;0;0;0;0;0
4678;5382,46;0;0;0;0;0;0;1;0;0;1;1;1
4679;7819,44;0;1;0;1;0;0;0;0;0;0;0;0
4682;7534,75;1;0;0;0;0;0;1;0;0;1;0;1
4684;7048,9;0;0;0;0;0;0;1;1;0;1;0;1
4686;6847,29;1;0;0;0;0;1;1;1;0;0;0;0
4688;9071,57;0;0;0;0;0;1;1;0;1;1;1;1
4689;7728,37;0;1;0;0;0;0;0;0;0;1;0;1
4690;8080,88;0;0;0;1;0;0;1;0;0;1;0;1
4691;6810,88;0;0;0;0;0;0;1;0;0;1;0;1
4693;6968,89;0;0;0;0;0;1;0;0;0;1;0;0
4694;8079,24;0;0;0;0;0;0;1;0;0;1;0;1
4698;7746,71;0;1;0;0;0;0;1;0;0;0;1;1
4699;8113,18;1;0;0;0;0;0;1;0;1;0;1;1
4704;8699,08;0;0;0;0;0;1;1;0;1;0;0;1
4705;6743,67;0;1;0;0;0;0;1;0;1;0;1;0
4709;6524,87;0;0;0;0;0;0;0;0;0;0;0;0
4710;7601,5;1;0;0;0;0;0;1;0;0;0;0;0
4712;6806,05;1;0;0;0;0;0;1;0;0;1;0;1
4713;8105,57;0;0;1;0;0;1;1;0;1;1;1;1
4714;8257,77;0;1;0;0;0;0;0;0;0;1;0;0
4715;6935,7;0;0;0;0;0;0;0;0;0;1;0;0
4716;8370,26;0;0;0;0;0;0;1;0;1;1;0;1
4717;6864,74;0;1;0;0;0;0;1;0;0;1;0;1
4718;7996,72;0;0;1;0;0;1;1;0;1;0;0;1
4720;8359,58;1;0;0;0;0;0;0;1;0;0;0;1
4722;8670,33;0;1;0;0;0;0;0;0;0;0;0;1
4723;7821,26;1;0;0;0;0;0;1;0;0;0;0;0
4724;9035,25;0;1;0;0;0;0;0;0;0;0;1;0
4725;9180,14;0;1;0;0;0;1;1;0;1;1;1;1
4726;7281,2;1;0;0;0;0;1;1;0;0;1;0;0
4727;7017,16;1;0;0;1;0;0;1;0;0;1;1;1
4731;9651,95;0;0;1;0;0;0;0;0;1;0;0;1
4732;7686,8;0;1;0;0;0;0;1;0;1;0;1;0
4735;6332,79;0;0;0;0;0;0;1;1;0;1;0;0
4736;6376,29;0;1;0;0;0;0;1;0;0;0;0;1
4740;6486,02;0;0;1;0;0;1;0;0;0;1;0;1
4741;7399,35;0;1;0;1;0;0;0;0;0;1;1;1
4743;9112,97;0;1;0;0;0;0;1;0;0;0;1;0
4744;7781,62;0;1;0;0;0;0;1;0;1;1;0;1
4747;8710,62;1;0;0;0;0;0;1;0;1;1;1;1
4750;9409,22;0;1;0;1;0;0;1;1;0;0;1;1
4751;6411,43;0;0;0;0;0;0;1;0;0;1;1;0
4752;8436,94;1;0;0;0;0;0;1;1;0;0;0;1
4755;7098,03;0;0;0;0;0;0;1;0;0;0;1;0
4756;8134,91;0;1;0;0;0;0;0;0;0;0;1;1
4757;9442,04;0;1;0;0;0;0;1;0;0;1;0;1
4759;7289,56;0;1;0;0;0;0;1;1;0;1;1;0
4760;9730,49;1;0;0;0;0;0;1;0;0;0;0;0
4762;6950,76;0;0;0;0;0;1;0;0;1;1;1;1
4766;7481,6;1;0;0;0;0;0;1;0;0;0;0;0
4767;8640,72;0;1;0;0;0;0;1;0;1;0;0;0
4771;8052,86;0;0;1;0;0;1;0;0;0;1;0;0
4774;7598,7;0;1;0;0;0;0;1;0;0;0;1;0
4775;7308,03;0;1;0;0;0;1;1;0;0;1;1;0
4777;9221,87;0;0;0;1;0;0;0;1;0;1;1;1
4779;6711,4;0;0;0;0;0;0;1;0;0;0;1;1
4780;7448,69;0;1;0;0;0;0;1;0;1;0;0;1
4782;8006,93;0;0;0;0;0;0;1;0;1;0;1;1
4783;7787,16;0;1;0;0;0;0;1;0;1;0;0;1
4784;8008,68;0;0;1;0;0;0;1;0;1;0;1;1
4785;7752,59;0;0;0;0;0;0;1;0;1;1;0;1
4786;6670,69;0;1;0;0;0;0;0;0;0;0;1;0
4788;7343,78;1;0;0;0;0;0;1;0;0;0;1;0
4789;6865,02;0;1;0;0;0;0;1;0;0;1;0;1
4790;7571,37;0;0;0;0;0;0;1;0;0;1;0;1
4792;7533,43;0;0;0;0;0;1;1;1;0;1;0;0
4793;7994,3;0;0;1;0;0;1;1;0;1;1;0;1
4797;7730,33;0;0;1;0;0;0;1;0;0;1;1;1
4800;8754,82;1;0;0;0;0;0;1;0;1;1;1;0
4801;7426,44;0;0;0;0;0;0;0;0;1;1;0;0
4803;7009,84;0;1;0;0;0;0;0;0;1;1;1;0
4805;10002,83;1;0;0;0;0;0;0;0;0;1;1;0
4810;8726,81;0;1;0;0;0;0;0;1;0;1;1;1
4812;8117,4;0;1;0;0;0;0;1;0;1;0;1;0
4817;7117,21;0;0;0;0;0;0;0;0;0;0;1;0
4820;7604,66;0;1;0;0;0;0;1;0;1;1;1;1
4821;8747,55;0;0;0;0;0;0;1;0;0;0;1;1
4822;8666,33;0;1;0;0;0;1;1;0;0;0;0;0
4823;6381,7;0;1;0;0;0;0;1;0;0;0;1;0
4825;8636,54;0;0;0;0;0;0;1;1;0;1;1;1
4826;7800,28;0;0;0;0;0;0;1;0;0;0;0;1
4827;7736,89;0;0;0;0;0;0;1;0;1;1;0;1
4829;6122,2;0;1;0;0;0;0;0;1;0;0;1;0
4831;9587;0;1;0;0;0;0;1;0;0;0;0;0
4832;7457,57;0;0;1;0;0;0;1;0;1;1;0;1
4834;8122,77;0;1;0;0;0;0;1;0;0;0;1;0
4838;8138,72;0;0;0;0;0;0;1;0;0;1;1;1
4843;8829,71;0;1;0;0;0;0;1;0;0;0;0;0
4844;6672,94;1;0;0;0;0;0;1;0;0;1;1;1
4846;7039,59;0;0;1;0;0;0;0;0;0;0;0;0
4847;6038,36;0;1;0;0;0;0;0;0;0;0;1;1
4850;7042,12;0;0;0;0;0;0;1;0;0;1;0;0
4855;6655,56;1;0;0;0;0;0;1;0;0;0;1;1
4857;8120,28;0;1;0;0;0;1;1;0;0;1;1;1
4859;7626,54;1;0;0;0;0;0;0;0;0;0;0;0
4860;6072,4;0;1;0;0;0;1;1;0;1;1;0;1
4863;6738,36;0;0;0;0;0;0;1;0;0;0;1;1
4864;6332,87;1;0;0;0;0;0;1;0;0;0;0;1
4869;9059,45;0;1;0;0;0;0;1;0;0;0;1;0
4874;7719,44;1;0;0;0;0;0;1;0;0;1;1;1
4875;9137,57;0;0;0;0;0;1;0;1;0;1;1;0
4878;7731,28;0;0;0;0;0;1;1;0;0;1;1;0
4880;9234,12;0;0;0;0;0;0;1;1;0;0;1;1
4885;6952,36;0;1;0;0;0;1;0;0;1;0;1;1
4891;8928,9;0;1;0;0;0;0;0;0;0;0;0;1
4893;6556,38;0;1;0;0;0;0;1;0;0;1;0;0
4894;7020,69;1;0;0;0;0;0;1;0;0;1;1;1
4900;7620,56;0;1;0;0;0;1;1;0;1;1;0;0
4901;9140,94;0;0;1;0;0;0;0;0;0;1;0;1
4902;6667,69;0;1;0;0;0;1;1;0;1;1;0;1
4905;6629,5;1;0;0;0;0;0;1;0;0;0;0;1
4908;7694,13;0;1;0;0;0;0;0;0;1;1;1;0
4910;6858,62;0;0;0;0;0;0;1;0;0;1;0;0
4912;6740,24;0;1;0;0;0;0;0;0;1;0;1;0
4913;6406,82;1;0;0;0;0;0;1;0;0;0;1;0
4914;8764;0;0;1;0;0;0;1;0;0;0;0;1
4920;7529,29;1;0;0;0;0;0;1;0;1;0;1;1
4921;7574,38;0;1;0;0;0;0;1;0;0;0;0;0
4922;8078,66;1;0;0;0;0;0;0;0;0;0;0;0
4924;8462,48;0;1;0;0;0;0;1;0;1;0;1;0
4926;10212,57;0;1;0;0;0;0;0;0;1;0;0;0
4930;6912,85;1;0;0;0;0;0;0;0;0;1;1;1
4931;7751,41;0;1;0;0;0;0;1;1;0;0;0;0
4933;7300,7;1;0;0;0;0;0;0;0;1;1;1;0
4934;8039,65;0;0;0;0;0;0;1;0;1;1;1;0
4935;9489,24;0;1;0;1;0;0;1;0;0;1;0;1
4937;10002,35;0;1;0;0;0;1;1;0;1;1;0;0
4939;6892,08;0;1;0;0;0;1;1;0;1;0;1;1
4942;6673,55;0;1;0;0;0;0;0;0;1;1;1;1
4944;7539,35;0;0;0;0;0;0;1;0;0;0;0;0
4945;7991,67;0;0;0;0;0;1;1;0;0;1;1;0
4946;6670,04;0;1;0;0;0;0;1;0;1;1;1;0
4947;7895,31;0;0;1;0;0;0;1;1;0;1;1;1
4948;6566,75;0;0;1;0;0;0;1;0;0;0;1;0
4951;6879,13;0;1;0;0;0;0;1;0;0;1;0;1
4952;7489,84;1;0;0;0;0;1;1;0;0;0;0;1
4953;8149,93;0;1;0;0;0;1;1;1;0;0;0;1
4958;7717,24;0;1;0;0;0;0;1;1;0;0;0;1
4963;7311,84;0;0;0;0;0;1;0;0;0;1;0;1
4965;9336,86;0;0;0;0;0;0;1;0;0;0;0;1
4968;6511,37;0;0;1;0;0;0;1;1;0;0;1;1
4969;6628,75;1;0;0;0;0;0;1;0;0;1;0;0
4970;7991,15;0;1;0;0;0;0;0;0;1;1;0;1
4972;10125,41;0;1;0;0;0;0;1;1;0;1;0;0
4973;9154,07;0;0;0;1;0;0;1;1;0;1;0;0
4974;7989,68;0;0;0;0;0;0;1;0;1;1;1;0
4975;8311,74;0;0;0;0;0;0;0;0;1;1;0;1
4978;7425,04;0;1;0;0;0;0;1;0;1;1;0;0
4981;7757,57;1;0;0;0;0;0;1;1;0;1;1;0
4982;8542,13;0;0;0;0;0;0;1;0;0;1;1;0
4985;7721,45;0;0;0;0;0;0;1;1;0;1;0;1
4988;7142,82;0;0;1;0;0;0;1;0;0;0;0;0
4990;8335,05;0;1;0;0;0;0;1;0;0;0;1;1
4991;8189,33;0;0;0;0;0;0;1;0;0;1;0;0
4992;7389,89;0;1;0;0;0;0;1;0;1;0;0;0
4997;7393,34;0;1;0;0;0;0;0;1;0;1;1;0
4999;8582,11;1;0;0;0;0;0;1;0;0;1;1;0
5001;7546,78;0;1;0;0;0;0;0;0;0;0;1;0
5002;6861,28;0;1;0;0;0;0;0;0;0;0;0;1
5004;6372,55;1;0;0;0;0;1;1;0;1;0;0;0
5006;9375,21;0;1;0;0;0;0;0;0;0;0;0;0
5007;7630,9;0;1;0;0;0;0;1;0;0;0;0;1
5008;6715,55;0;0;0;0;0;0;1;0;0;1;1;0
5011;7318,89;0;0;0;0;0;0;0;1;0;1;0;0
